Nro,CODIGO,X,Y,ALTURA,SITIO,FUENTE,CAMPAÑA,AÑO,FECHA,DATUM,ZONA,PROVINCIA,CANTON,PARROQUIA,DEMARCACION HIDROGRAFICA,CUENCA,SUBCUENCA, CODIGO UNIDAD HIDROGRAFICA PFAFSTETTER, UNIDAD HIDROGRAFICA PFAFSTETTER,TIPO DE MUESTRA,NUMERO DE ORDEN DE TRABAJO
1,DHS-CP-01,688409,9672210,3568,YANUNCAY,RIO CAN CAN,CAMPAÑA 1,2013,11/11/2013,WGS84,17 S,AZUAY,CUENCA,BAÑOS,SANTIAGO,CUENCA RIO SANTIAGO,RIO PAUTE,49982,CUENCA RIO PAUTE,SIMPLE,031-2013-SENAGUA-DNCA-STRH
2,DHS-CP-02,721840,9677507,2520,ESTACION ETAPA YANUNCAY,RIO YANUNCAY AJ TARQUI,CAMPAÑA 1,2013,11/11/2013,WGS84,17 S,AZUAY,CUENCA,CUENCA,SANTIAGO,CUENCA RIO SANTIAGO,RIO PAUTE,49982,CUENCA RIO PAUTE,SIMPLE,031-2013-SENAGUA-DNCA-STRH
3,DHS-CP-03,722008,9677359,2518,YANUNCAY/TARQUI,RIO TARQUI AJ YANUNCAY,CAMPAÑA 1,2013,11/11/2013,WGS84,17 S,AZUAY,CUENCA,CUENCA,SANTIAGO,CUENCA RIO SANTIAGO,RIO PAUTE,49982,CUENCA RIO PAUTE,SIMPLE,031-2013-SENAGUA-DNCA-STRH
4,DHS-CP-04,709517,9656919,2774,TARQUI,RIO PORTETE,CAMPAÑA 1,2013,12/11/2013,WGS84,17 S,AZUAY,CUENCA,VICTORIA DEL PORTETE (IRQUIS),SANTIAGO,CUENCA RIO SANTIAGO,RIO PAUTE,49982,CUENCA RIO PAUTE,SIMPLE,031-2013-SENAGUA-DNCA-STRH
5,DHS-CP-05,703678,9692714,3489,TOMEBAMBA(HOSTERIA DOS CHORERAS),BLANCO DEL RIO TOMEBAMBA,CAMPAÑA 1,2013,12/11/2013,WGS84,17 S,AZUAY,CUENCA,SAYAUSI,SANTIAGO,CUENCA RIO SANTIAGO,RIO PAUTE,49982,CUENCA RIO PAUTE,SIMPLE,031-2013-SENAGUA-DNCA-STRH
6,DHS-CP-06,717191,9680731,2624,PUENTE SAN JOAQUIN,RIO TOMEBAMBA AJ PAUTE,CAMPAÑA 1,2013,16/11/2013,WGS84,17 S,AZUAY,CUENCA,CUENCA,SANTIAGO,CUENCA RIO SANTIAGO,RIO PAUTE,49982,CUENCA RIO PAUTE,SIMPLE,031-2013-SENAGUA-DNCA-STRH
7,DHS-CP-07,726952,9680931,2359,URBANIZACION TERRANOVA,RIO MACHANGARA,CAMPAÑA 1,2013,12/11/2013,WGS84,17 S,AZUAY,CUENCA,CUENCA,SANTIAGO,CUENCA RIO SANTIAGO,RIO PAUTE,49982,CUENCA RIO PAUTE,SIMPLE,031-2013-SENAGUA-DNCA-STRH
8,DHS-CP-08,728348,9682115,2415,PTAR ETAPA UCUBAMBA,RIO PAUTE,CAMPAÑA 1,2013,12/11/2013,WGS84,17 S,AZUAY,CUENCA,CUENCA,SANTIAGO,CUENCA RIO SANTIAGO,RIO PAUTE,49982,CUENCA RIO PAUTE,SIMPLE,031-2013-SENAGUA-DNCA-STRH
9,DHS-CP-09,720292,9693207,2964,CHACAYAGU,CHACAYAGU BLANCO RIO MACHANGARA,CAMPAÑA 1,2013,15/11/2013,WGS84,17 S,AZUAY,CUENCA,CHIQUINTAD,SANTIAGO,CUENCA RIO SANTIAGO,RIO PAUTE,49982,CUENCA RIO PAUTE,SIMPLE,031-2013-SENAGUA-DNCA-STRH
10,DHS-CP-10,737058,9702473,2866,SECTOR BURGAY,BLANCO DEL RIO BURGAY,CAMPAÑA 1,2013,15/11/2013,WGS84,17 S,CAÑAR,AZOGUES,GUAPAN,SANTIAGO,CUENCA RIO SANTIAGO,RIO PAUTE,49982,CUENCA RIO PAUTE,SIMPLE,031-2013-SENAGUA-DNCA-STRH
11,DHS-CP-11,757186,9670239,3201,SECTOR GUALACEO,BLANCO DEL RIO GUALACEO,CAMPAÑA 1,2013,13/11/2013,WGS84,17 S,AZUAY,GUALACEO,LUIS CORDERO VEGA,SANTIAGO,CUENCA RIO SANTIAGO,RIO PAUTE,49982,CUENCA RIO PAUTE,SIMPLE,031-2013-SENAGUA-DNCA-STRH
12,DHS-CP-12,747805,9682525,2214,ANTES DE LA JUNTA CON RIO PAUTE (PUENTE CERTAG),RIO GUALACEO,CAMPAÑA 1,2013,12/11/2013,WGS84,17 S,AZUAY,GUALACEO,MARIANO MORENO,SANTIAGO,CUENCA RIO SANTIAGO,RIO PAUTE,49982,CUENCA RIO PAUTE,SIMPLE,031-2013-SENAGUA-DNCA-STRH
13,DHS-CP-13,750058,9693576,2181,ESTACION INHAMI Y CELEC DEL PAUTE,RIO PAUTE,CAMPAÑA 1,2013,14/11/2013,WGS84,17 S,AZUAY,PAUTE,PAUTE,SANTIAGO,CUENCA RIO SANTIAGO,RIO PAUTE,49982,CUENCA RIO PAUTE,SIMPLE,031-2013-SENAGUA-DNCA-STRH
14,DHS-CP-14,763908,9699847,2870,RIO NEGRO,BLANCO  DEL RIO NEGRO,CAMPAÑA 1,2013,13/11/2013,WGS84,17 S,AZUAY,SEVILLA DE ORO,PALMAS,SANTIAGO,CUENCA RIO SANTIAGO,RIO PAUTE,49982,CUENCA RIO PAUTE,SIMPLE,031-2013-SENAGUA-DNCA-STRH
15,DHS-CP-15,787716,9696246,734,SECTOR LA DOLOROSA(HIDRO SAN BARTOLO),RIO NEGRO AJ PAUTE,CAMPAÑA 1,2013,14/11/2013,WGS84,17 S,MORONA SANTIAGO,SANTIAGO,COPAL,SANTIAGO,CUENCA RIO SANTIAGO,RIO PAUTE,49982,CUENCA RIO PAUTE,SIMPLE,031-2013-SENAGUA-DNCA-STRH
16,DHS-CP-16,797315,9699847,467,PAUTE,RIO PAUTE AJ NEGRO,CAMPAÑA 1,2013,13/11/2013,WGS84,17 S,MORONA SANTIAGO,SANTIAGO,CHUPIANZA,SANTIAGO,CUENCA RIO SANTIAGO,RIO PAUTE,49982,CUENCA RIO PAUTE,SIMPLE,031-2013-SENAGUA-DNCA-STRH
17,DHS-CP-17,736140,9687505,2350,SECTOR EL DESCANSE,RIO BURGAY AJ PAUTE,CAMPAÑA 1,2013,15/11/2013,WGS84,17 S,AZUAY,PAUTE,SAN CRISTOBAL (CARLOS ORDOÑEZ LAZO),SANTIAGO,CUENCA RIO SANTIAGO,RIO PAUTE,49982,CUENCA RIO PAUTE,SIMPLE,031-2013-SENAGUA-DNCA-STRH
18,DHM-CM-01,843260,10031690,2348,SAN VICENTE,RIO BLANCO,CAMPAÑA 1,2013,26/11/2013,WGS84,17 S,IMBABURA,PIMAMPIRO,SAN  FCO. DE SIGSIPAMBA,MIRA,RIO MIRA,RIO MIRA,15494,CUENCA RIO MATAQUI,SIMPLE,036-2013-SENAGUA-DNCA-STRH
19,DHM-CM-02,841050,10049025,1700,PIQUIUCHO,RIO APAQUI,CAMPAÑA 1,2013,26/11/2013,WGS84,17 S,CARCHI,BOLIVAR,SAN RAFAEL ,MIRA,RIO MIRA,RIO MIRA,15495,UNIDAD HIDROGRAFICA 15495,SIMPLE,036-2013-SENAGUA-DNCA-STRH
20,DHM-CM-03,866295,10077580,3030,JULIO ANDRADE,QUEBRADA MICHUQUER,CAMPAÑA 1,2013,28/11/2013,WGS84,17 S,CARCHI,TULCAN,JULIO ANDRADE,MIRA,RIO MIRA,RIO MIRA,15499,CUENCA DE LA QUEBRADA OBISPO,SIMPLE,036-2013-SENAGUA-DNCA-STRH
21,DHM-CM-04,858190,10059426,2691,EL CHAMIZO,RIO MINAS,CAMPAÑA 1,2013,26/11/2013,WGS84,17 S,CARCHI,MONTUFAR,SAN GABRIEL ,MIRA,RIO MIRA,RIO MIRA,15497,CUENCA RIO RUMICHACA O APAQUI,SIMPLE,036-2013-SENAGUA-DNCA-STRH
22,DHM-CM-05,840030,10074072,3072,SAN FRANCISCO,RIO CARIYACU,CAMPAÑA 1,2013,26/11/2013,WGS84,17 S,CARCHI,ESPEJO,LA LIBERTAD,MIRA,RIO MIRA,RIO MIRA,15492,CUENCA RIO EL ANGEL,SIMPLE, 036-2013-SENAGUA-DNCA-STRH
23,DHM-CM-06,828215,10055278,1643,CHOTA CHIQUITO,RIO EL ANGEL ,CAMPAÑA 1,2013,26/11/2013,WGS84,17 S,CARCHI,BOLIVAR,SAN VICENTE DE PUSIR,MIRA,RIO MIRA,RIO MIRA,15492,CUENCA RIO EL ANGEL,SIMPLE, 036-2013-SENAGUA-DNCA-STRH
24,DHM-CM-07,824984,10025818,2766,PUENTE ANGOCHAGUA,RIO TAHUANDO ,CAMPAÑA 1,2013,27/11/2013,WGS84,17 S,IMBABURA,IBARRA,ANGOCHAGUA,MIRA,RIO MIRA,RIO MIRA,15482,CUENCA RIO TAHUANDO,SIMPLE,036-2013-SENAGUA-DNCA-STRH
25,DHM-CM-08,795378,10023642,3034,QUICHINCHE,QUEBRADA PISABO,CAMPAÑA 1,2013,25/11/2013,WGS84,17 S,IMBABURA,OTAVALO,SAN JOSE DE QUICHINCHE,MIRA,RIO MIRA,RIO MIRA,15488,CUENCA RIO  BLANCO 15488,SIMPLE,036-2013-SENAGUA-DNCA-STRH
26,DHM-CM-09,800060,10033174,2601,CHILCAPAMBA,RIO YANAYACU,CAMPAÑA 1,2013,25/11/2013,WGS84,17 S,IMBABURA,COTACACHI,COTACACHI,MIRA,RIO MIRA,RIO MIRA,15485,UNIDAD HIDROGRAFICA 15485,SIMPLE,036-2013-SENAGUA-DNCA-STRH
27,DHM-CM-10,812185,10041660,1965,ANTONIO ANTE,RIO AMBI 1,CAMPAÑA 1,2013,25/11/2013,WGS84,17 S,IMBABURA,ANTONIO ANTE,SAN JOSE DE CHALTURA,MIRA,RIO MIRA,RIO MIRA,15483,UNIDAD HIDROGRAFICA 15483,SIMPLE,036-2013-SENAGUA-DNCA-STRH
28,DHM-CM-11,820840,10051540,1584,SALINAS,RIO AMBI 2 ,CAMPAÑA 1,2013,29/11/2013,WGS84,17 S,IMBABURA,IBARRA,SALINAS,MIRA,RIO MIRA,RIO MIRA,15481,UNIDAD HIDROGRAFICA 15481,SIMPLE,036-2013-SENAGUA-DNCA-STRH
29,DHM-CM-12,810345,10086527,1076,GUALCHAN ,RIO BLANCO,CAMPAÑA 1,2013,29/11/2013,WGS84,17 S,CARCHI,ESPEJO,GUALCHAN ,MIRA,RIO MIRA,RIO SAN JUAN,15472,CUENCA RIO BLANCO 15472,SIMPLE, 036-2013-SENAGUA-DNCA-STRH
30,DHM-CM-13,783534,10095130,537,LITA ,RIO LITA,CAMPAÑA 1,2013,29/11/2013,WGS84,17 S,IMBABURA,SAN LORENZO,ALTO TAMBO ,MIRA,RIO MIRA,RIO MIRA,15461,UNIDAD HIDROGRAFICA 15461,SIMPLE, 036-2013-SENAGUA-DNCA-STRH
31,DHM-CC-01,850875,10088660,3159,TUFIÑO,RIO GRANDE ,CAMPAÑA 1,2013,27/11/2013,WGS84,17 S,CARCHI,TULCAN,TUFIÑO,MIRA,RIO CARCHI,RIO CARCHI,15649,CUENCA RIO CARCHI,SIMPLE, 036-2013-SENAGUA-DNCA-STRH
32,DHM-CC-02,854300,10089430,3070,TUFIÑO,RIO CHIQUITO,CAMPAÑA 1,2013,28/11/2013,WGS84,17 S,CARCHI,TULCAN,TUFIÑO,MIRA,RIO CARCHI,RIO CARCHI,15649,CUENCA RIO CARCHI,SIMPLE, 036-2013-SENAGUA-DNCA-STRH
33,DHM-CC-03,855675,10080730,3371,LAS JUNTAS,RIO BOBO ,CAMPAÑA 1,2013,27/11/2013,WGS84,17 S,CARCHI,TULCAN,TUFIÑO,MIRA,RIO CARCHI,RIO CARCHI,15649,CUENCA RIO CARCHI,SIMPLE,036-2013-SENAGUA-DNCA-STRH
34,DHM-CC-04,866590,10093260,2850,PUENTE URBINA,RIO BOBO ,CAMPAÑA 1,2013,19/12/2013,WGS84,17 S,CARCHI,TULCAN,TUFIÑO,MIRA,RIO CARCHI,RIO CARCHI,15649,CUENCA RIO CARCHI,COMPUESTA,041-2013-SENAGUA-DNCA-STRH
35,DHM-CC-05,861890,10085610,3002,LAS JUNTAS,RIO TAJAMAR (ARRIBA),CAMPAÑA 1,2013,28/11/2013,WGS84,17 S,CARCHI,TULCAN,TUFIÑO,MIRA,RIO CARCHI,RIO CARCHI,15647,CUENCA DE LA QUEBRADA EL CARRIZAL,SIMPLE, 036-2013-SENAGUA-DNCA-STRH
36,DHM-CC-06,871307,10090010,2804,PUENTE RUMICHACA,RIO TAJAMAR (ABAJO),CAMPAÑA 1,2013,28/11/2013,WGS84,17 S,CARCHI,GONZALO PIZARRO,PUERTO LIBRE,MIRA,RIO CARCHI,RIO CARCHI,49786,CUENCA RIO AGUARICO,SIMPLE,036-2013-SENAGUA-DNCA-STRH
37,DHM-CC-07,862250,10088670,3068,SANTA ROSA DE TAQUES,PLANTA DE POTABILIZACION (AGUAS CRUDAS),CAMPAÑA 1,2013,20/12/2013,WGS84,17 S,CARCHI,TULCAN,TULCAN,MIRA,RIO CARCHI,RIO CARCHI,15647,CUENCA DE LA QUEBRADA EL CARRIZAL,SIMPLE,041-2013-SENAGUA-DNCA-STRH
38,DHM-CC-08,862273,10088725,3068,SANTA ROSA DE TAQUES,PLANTA DE POTABILIZACION (AGUAS TRATADAS),CAMPAÑA 1,2013,20/12/2013,WGS84,17 S,CARCHI,TULCAN,TULCAN,MIRA,RIO CARCHI,RIO CARCHI,15649,CUENCA RIO CARCHI,SIMPLE, 041-2013-SENAGUA-DNCA-STRH
39,DHM-CC-09,863113,10089202,2838,PUETATE,PUNTO EN LA DESCARGA DE LA PLANTA DE TRATAMIENTO VIVIENDA POPULAR,CAMPAÑA 1,2013,17/12/2013,WGS84,17 S,CARCHI,TULCAN,TULCAN,MIRA,RIO CARCHI,RIO CARCHI,15649,CUENCA RIO CARCHI,SIMPLE,041-2013-SENAGUA-DNCA-STRH
40,DHM-CC-10,868740,10090930,2852,TAJAMAR,PUNTO EN LA DESCARGA DE LA PLANTA DE TRATAMIENTO TAJAMAR,CAMPAÑA 1,2013,18/12/2013,WGS84,17 S,CARCHI,TULCAN,TULCAN,MIRA,RIO CARCHI,RIO CARCHI,15647,CUENCA DE LA QUEBRADA EL CARRIZAL,COMPUESTA,041-2013-SENAGUA-DNCA-STRH
41,DHM-CC-11,867322,10092453,2884,HONORATO VASQUEZ,PUNTO EN LA DESCARGA DE LA PLANTA DE TRATAMIENTO HONORATO VASQUEZ,CAMPAÑA 1,2013,17/12/2013,WGS84,17 S,CARCHI,TULCAN,TULCAN,MIRA,RIO CARCHI,RIO CARCHI,15649,CUENCA RIO CARCHI,SIMPLE,041-2013-SENAGUA-DNCA-STRH
42,DHM-CC-12,866300,10093385,2858,LOS COMUNEROS,PUNTO EN LA DESCARGA DE LA PLANTA DE TRATAMIENTO LOS COMUNEROS ,CAMPAÑA 1,2013,17/12/2013,WGS84,17 S,CARCHI,TULCAN,TULCAN,MIRA,RIO CARCHI,RIO CARCHI,15649,CUENCA RIO CARCHI,CAUDAL MINIMO,041-2013-SENAGUA-DNCA-STRH
43,DHM-CC-13,865980,10092415,2880,PADRE CARLOS ,PUNTO EN LA DESCARGA DE LA PLANTA DE TRATAMIENTO PADRE CARLOS ,CAMPAÑA 1,2013,17/12/2013,WGS84,17 S,CARCHI,TULCAN,TULCAN,MIRA,RIO CARCHI,RIO CARCHI,15649,CUENCA RIO CARCHI,SIMPLE, 041-2013-SENAGUA-DNCA-STRH
44,DHM-CC-14,865466,10091070,2888,BRASIL,PUNTO EN LA DESCARGA DE LA PLANTA DE TRATAMIENTO BRASIL,CAMPAÑA 1,2013,17/12/2013,WGS84,17 S,CARCHI,TULCAN,TULCAN,MIRA,RIO CARCHI,RIO CARCHI,15649,CUENCA RIO CARCHI,FUERA DE FUNCIONAMIENTO,041-2013-SENAGUA-DNCA-STRH
45,DHM-CC-15,865165,10090775,2876,TRES CHORROS ,PUNTO EN LA DESCARGA DE LA PLANTA DE TRATAMIENTO TRES CHORROS,CAMPAÑA 1,2013,17/12/2013,WGS84,17 S,CARCHI,TULCAN,TULCAN,MIRA,RIO CARCHI,RIO CARCHI,15649,CUENCA RIO CARCHI,SIMPLE, 041-2013-SENAGUA-DNCA-STRH
46,DHE-CCAY-001,753283,10129894,27,RIO PALAVI,RIO PALAVI,CAMPAÑA 1,2013,13/08/2013,UTM,17 S,ESMERALDAS,SAN LORENZO,TULULBI (CAB. EN RICAURTE),ESMERALDAS,RIO CAYAPAS,RIO SANTIAGO,15364,CUENCA RIO BOGOTA,SIMPLE,005-2013-SENAGUA-DNCA-STRH
47,DHE-CCAY-002,747956,10124917,20,RIO BOGOTA,RIO BOGOTA,CAMPAÑA 1,2013,13/08/2013,UTM,17 S,ESMERALDAS,SAN LORENZO,CARONDELET,ESMERALDAS,RIO CAYAPAS,RIO SANTIAGO,15364,CUENCA RIO BOGOTA,SIMPLE,005-2013-SENAGUA-DNCA-STRH
48,DHE-CCAY-003,742922,10117089,,RIO BOGOTA,RIO BOGOTA,CAMPAÑA 1,2013,13/08/2013,UTM,17 S,ESMERALDAS,SAN LORENZO,CONCEPCION,ESMERALDAS,RIO CAYAPAS,RIO SANTIAGO,15364,CUENCA RIO BOGOTA,SIMPLE,005-2013-SENAGUA-DNCA-STRH
49,DHE-CCAY-005,773135,10099116,782,RIO NEGRO,RIO NEGRO,CAMPAÑA 1,2013,14/08/2013,UTM,17 S,ESMERALDAS,SAN LORENZO,ALTO TAMBO (CAB EN GUADUAL),ESMERALDAS,RIO CAYAPAS,,15366,CUENCA RIO NEGRO,SIMPLE,005-2013-SENAGUA-DNCA-STRH
50,DHE-CCAY-004,745105,10114256,16,RIO HUIMBICITO,RIO HUIMBICITO,CAMPAÑA 1,2013,14/08/2013,UTM,17 S,ESMERALDAS,SAN LORENZO,CONCEPCION,ESMERALDAS,RIO CAYAPAS,RIO SANTIAGO,15365,UNIDAD HIDROGRAFICA 15365,SIMPLE,005-2013-SENAGUA-DNCA-STRH
51,DHE-CCAY-007,732542,10113014,,ESTERO MARIA,ESTERO MARIA,CAMPAÑA 1,2013,14/08/2013,UTM,17 S,ESMERALDAS,ELOY ALFARO,COLON ELOY DEL MARIA,ESMERALDAS,RIO CAYAPAS,RIO SANTIAGO,15363,UNIDAD HIDROGRAFICA 15363,SIMPLE,005-2013-SENAGUA-DNCA-STRH
52,DHE-CCAY-008,733877,10118497,,RIO SANTIAGO,RIO SANTIAGO,CAMPAÑA 1,2013,14/08/2013,UTM,17 S,ESMERALDAS,ELOY ALFARO,MALDONADO,ESMERALDAS,RIO CAYAPAS,RIO SANTIAGO,15363,UNIDAD HIDROGRAFICA 15363,SIMPLE,005-2013-SENAGUA-DNCA-STRH
53,DHE-CCAY-009,724504,10116611,,RIO CAYAPAS,RIO CAYAPAS,CAMPAÑA 1,2013,15/08/2013,UTM,17 S,ESMERALDAS,ELOY ALFARO,BORBON,ESMERALDAS,RIO CAYAPAS,RIO CAYAPAS,15362,CUENCA RIO CAYAPAS,SIMPLE,005-2013-SENAGUA-DNCA-STRH
54,DHE-CCAY-010,724697,10111306,11,RIO ANAYACU,RIO ANAYACU,CAMPAÑA 1,2013,15/08/2013,UTM,17 S,ESMERALDAS,ELOY ALFARO,BORBON,ESMERALDAS,RIO CAYAPAS,,15362,CUENCA RIO CAYAPAS,SIMPLE,005-2013-SENAGUA-DNCA-STRH
55,DHE-CCAY-006,739091,10099089,,RIO SANTIAGO,RIO SANTIAGO SELVA ALEGRE,CAMPAÑA 1,2013,15/08/2013,UTM,17 S,ESMERALDAS,ELOY ALFARO,SELVA ALEGRE,ESMERALDAS,RIO CAYAPAS,,15365,UNIDAD HIDROGRAFICA 15365,SIMPLE,005-2013-SENAGUA-DNCA-STRH
56,DHE-CESM-021,772000,9975957,3253,VERTIENTE CHAZO,VERTIENTE CHAZO,CAMPAÑA 1,2013,27/08/2013,UTM,17 S,PICHINCHA,QUITO,LLOA,ESMERALDAS,RIO ESMERALDAS,,15286,CUENCA RIO CINTO,SIMPLE,011-2013-SENAGUA-DNCA-STRH
57,DHE-CESM-022,759177,9968601,2792,,,CAMPAÑA 1,2013,27/08/2013,UTM,17 S,PICHINCHA,QUITO,LLOA,ESMERALDAS,RIO ESMERALDAS,,15289,UNIDAD HIDROGRAFICA 15289,SIMPLE,011-2013-SENAGUA-DNCA-STRH
58,DHE-CESM-025,723461,9972267,1085,VERTIENTE DEL LINDICHE,VERTIENTE DEL LINDICHE,CAMPAÑA 1,2013,28/08/2013,UTM,17 S,SANTO DOMINGO DE LOS TSACHILAS,SANTO DOMINGO,ALLURIQUIN,ESMERALDAS,RIO ESMERALDAS,,15282,CUENCA DEL RIO MULAUTE,SIMPLE,011-2013-SENAGUA-DNCA-STRH
59,DHE-CESM-023,730026,9965320,881,RIO PILATON,RIO PILATON,CAMPAÑA 1,2013,28/08/2013,UTM,17 S,PICHINCHA,MEJIA,MANUEL CORNEJO ASTORGA (TANDAPI),ESMERALDAS,RIO ESMERALDAS,RIO BLANCO,15294,CUENCA RIO PILATON,SIMPLE,011-2013-SENAGUA-DNCA-STRH
60,DHE-CESM-024,727803,9964692,804,RIO TOACHI,RIO TOACHI,CAMPAÑA 1,2013,28/08/2013,UTM,17 S,SANTO DOMINGO DE LOS TSACHILAS,SANTO DOMINGO,ALLURIQUIN,ESMERALDAS,RIO ESMERALDAS,RIO BLANCO,15295,UNIDAD HIDROGRAFICA 15295,SIMPLE,011-2013-SENAGUA-DNCA-STRH
61,DHE-CESM-026,707108,9973159,504,RIO TOACHI,RIO TOACHI,CAMPAÑA 1,2013,29/08/2013,UTM,17 S,SANTO DOMINGO DE LOS TSACHILAS,SANTO DOMINGO,SANTO DOMINGO DE LOS COLORADOS,ESMERALDAS,RIO ESMERALDAS,RIO BLANCO,15293,UNIDAD HIDROGRAFICA 15293,SIMPLE,011-2013-SENAGUA-DNCA-STRH
62,DHE-CESM-028,691199,9990341,275,RIO BLANCO,RIO BLANCO,CAMPAÑA 1,2013,29/08/2013,UTM,17 S,SANTO DOMINGO DE LOS TSACHILAS,SANTO DOMINGO,VALLE HERMOSO,ESMERALDAS,RIO ESMERALDAS,RIO BLANCO,15279,UNIDAD HIDROGRAFICA 15279,SIMPLE,011-2013-SENAGUA-DNCA-STRH
63,DHE-CESM-029,678498,10002858,199,RIO COCOLA,RIO COCOLA,CAMPAÑA 1,2013,29/08/2013,UTM,17 S,ESMERALDAS,QUININDE,ROSA ZARATE (QUININDE),ESMERALDAS,RIO ESMERALDAS,RIO BLANCO,15277,UNIDAD HIDROGRAFICA 15277,SIMPLE,011-2013-SENAGUA-DNCA-STRH
64,DHE-CESM-031,694152,10013211,145,RIO CAONI,RIO CAONI,CAMPAÑA 1,2013,29/08/2013,UTM,17 S,PICHINCHA,PUERTO QUITO,PUERTO QUITO,ESMERALDAS,RIO ESMERALDAS,,15274,CUENCA RIO CAONI,SIMPLE,011-2013-SENAGUA-DNCA-STRH
65,DHE-CESM-030,716151,10006272,611,RIO ACHOTILLO,RIO ACHOTILLO,CAMPAÑA 1,2013,29/08/2013,UTM,17 S,PICHINCHA,PEDRO VICENTE MALDONADO,PEDRO VICENTE MALDONADO,ESMERALDAS,RIO ESMERALDAS,,15274,CUENCA RIO CAONI,SIMPLE,011-2013-SENAGUA-DNCA-STRH
66,DHE-CESM-027,732338,10000608,794,RIO BLANCO,RIO BLANCO,CAMPAÑA 1,2013,29/08/2013,UTM,17 S,PICHINCHA,SAN MIGUEL DE LOS BANCOS,SAN MIGUEL DE LOS BANCOS,ESMERALDAS,RIO ESMERALDAS,,15283,UNIDAD HIDROGRAFICA 15283,SIMPLE,011-2013-SENAGUA-DNCA-STRH
67,DHE-CESM-019,732480,9891330,3800,VERTIENTE RUMICRUZ CHICO,VERTIENTE RUMICRUZ CHICO,CAMPAÑA 1,2013,30/08/2013,UTM,17 S,COTOPAXI,PUJILI,ZUMBAHUA,ESMERALDAS,RIO ESMERALDAS,,15299,UNIDAD HIDROGRAFICA 15299,SIMPLE,011-2013-SENAGUA-DNCA-STRH
68,DHE-CESM-020,762263,9948096,3187,QDA. SAN AGUSTIN,QDA. SAN AGUSTIN,CAMPAÑA 1,2013,30/08/2013,UTM,17 S,PICHINCHA,MEJIA,ALOAG,ESMERALDAS,RIO ESMERALDAS,,15294,CUENCA RIO PILATON,SIMPLE,011-2013-SENAGUA-DNCA-STRH
69,DHE-CESM-035,647624,10029873,180,ESTERO PIEDREDURO,ESTERO PIEDREDURO,CAMPAÑA 1,2013,17/09/2013,UTM,17 S,MANABI,PEDERNALES,COJIMIES,ESMERALDAS,RIO ESMERALDAS,,15266,CUENCA DEL RIO DOGOLA,SIMPLE,016-2013-SENAGUA-DNCA-STRH
70,DHE-CESM-036,651548,10029744,110,RIO SANTIMA,RIO SANTIMA,CAMPAÑA 1,2013,17/09/2013,UTM,17 S,ESMERALDAS,QUININDE,ROSA ZARATE (QUININDE),ESMERALDAS,RIO ESMERALDAS,,15262,CUENCA RIO SANTIMA,SIMPLE,016-2013-SENAGUA-DNCA-STRH
71,DHE-CESM-037,665350,10024776,83,CERPE VIEJA,RIO QUININDE,CAMPAÑA 1,2013,18/09/2013,UTM,17 S,ESMERALDAS,QUININDE,ROSA ZARATE (QUININDE),ESMERALDAS,RIO ESMERALDAS,RIO QUININDE,15263,UNIDAD HIDROGRAFICA 15263,SIMPLE,016-2013-SENAGUA-DNCA-STRH
72,DHE-CESM-040,650473,10045590,212,ESTERO COLORADO TURBIO,ESTERO COLORADO TURBIO,CAMPAÑA 1,2013,18/09/2013,UTM,17 S,ESMERALDAS,QUININDE,CUBE,ESMERALDAS,RIO ESMERALDAS,,15216,CUENCA RIO VICHE,SIMPLE,016-2013-SENAGUA-DNCA-STRH
73,DHE-CESM-039,660685,10043037,117,SAN ANDRES,RIO CUPA,CAMPAÑA 1,2013,18/09/2013,UTM,17 S,ESMERALDAS,QUININDE,ROSA ZARATE (QUININDE),ESMERALDAS,RIO ESMERALDAS,RIO CUPA,15261,UNIDAD HIDROGRAFICA 15261,SIMPLE,016-2013-SENAGUA-DNCA-STRH
74,DHE-CESM-041,645684,10077760,59,RIO HUELE,RIO HUELE,CAMPAÑA 1,2013,19/09/2013,UTM,17 S,ESMERALDAS,ESMERALDAS,CRNEL. CARLOS CONCHA TORRES (CAB. EN HUELE),ESMERALDAS,RIO ESMERALDAS,RIO TEAONE,15212,CUENCA RIO TABLAZO,SIMPLE,016-2013-SENAGUA-DNCA-STRH
75,DHE-CESM-042,644139,10094040,18,RIO TEAONE,RIO TEAONE,CAMPAÑA 1,2013,19/09/2013,UTM,17 S,ESMERALDAS,ESMERALDAS,TABIAZO,ESMERALDAS,RIO ESMERALDAS,RIO TEAONE,15212,CUENCA RIO TABLAZO,SIMPLE,016-2013-SENAGUA-DNCA-STRH
76,DHE-CESM-034,655717,10009155,102,MATAMBA,RIO QUININDE,CAMPAÑA 1,2013,19/09/2013,UTM,17 S,ESMERALDAS,QUININDE,ROSA ZARATE (QUININDE),ESMERALDAS,RIO ESMERALDAS,RIO QUININDE,15267,UNIDAD HIDROGRAFICA 15267,SIMPLE,016-2013-SENAGUA-DNCA-STRH
77,DHE-CESM-033,655493,9997310,120,RIO BUA,RIO BUA,CAMPAÑA 1,2013,20/09/2013,UTM,17 S,ESMERALDAS,QUININDE,ROSA ZARATE (QUININDE),ESMERALDAS,RIO ESMERALDAS,RIO QUININDE,15267,UNIDAD HIDROGRAFICA 15267,SIMPLE,016-2013-SENAGUA-DNCA-STRH
78,DHE-CESM-032,626520,9974073,196,ESTERO QUININDECITO,ESTERO QUININDECITO,CAMPAÑA 1,2013,20/09/2013,UTM,17 S,MANABI,FLAVIO ALFARO,SAN FRANCISCO DE NOVILLO (CAB. EN NOVILLO),ESMERALDAS,RIO ESMERALDAS,,15269,UNIDAD HIDROGRAFICA 15269,SIMPLE,016-2013-SENAGUA-DNCA-STRH
79,DHE-CESM-013,831503,10013169,3333,,,CAMPAÑA 1,2013,23/09/2013,UTM,17 S,PICHINCHA,CAYAMBE,OLMEDO (PESILLO),ESMERALDAS,RIO ESMERALDAS,,15246,CUENCA RIO PISQUE,SIMPLE,019-2013-SENAGUA-DNCA-STRH
80,DHE-CESM-014,786063,10009990,1555,RIO GUAYLLABAMBA,RIO GUAYLLABAMBA,CAMPAÑA 1,2013,23/09/2013,UTM,17 S,PICHINCHA,QUITO,SAN ANTONIO,ESMERALDAS,RIO ESMERALDAS,RIO GUAYLLABAMBA,15245,UNIDAD HIDROGRAFICA 15245,SIMPLE,019-2013-SENAGUA-DNCA-STRH
81,DHE-CESM-015,762623,10019612,914,RIO GUAYLLABAMBA,RIO GUAYLLABAMBA,CAMPAÑA 1,2013,24/09/2013,UTM,17 S,PICHINCHA,QUITO,NANEGAL,ESMERALDAS,RIO ESMERALDAS,RIO GUAYLLABAMBA,15245,UNIDAD HIDROGRAFICA 15245,SIMPLE,019-2013-SENAGUA-DNCA-STRH
82,DHE-CESM-016,764281,10024098,991,RIO INTAG,RIO INTAG,CAMPAÑA 1,2013,24/09/2013,UTM,17 S,PICHINCHA,QUITO,SAN JOSE DE MINAS,ESMERALDAS,RIO ESMERALDAS,RIO GUAYLLABAMBA,15244,CUENCA DEL RIO INTAG,SIMPLE,019-2013-SENAGUA-DNCA-STRH
83,DHE-CESM-017,729568,10017861,514,RIO PACHIJAL,RIO PACHIJAL,CAMPAÑA 1,2013,24/09/2013,UTM,17 S,PICHINCHA,PEDRO VICENTE MALDONADO,PEDRO VICENTE MALDONADO,ESMERALDAS,RIO ESMERALDAS,RIO GUAYLLABAMBA,15241,UNIDAD HIDROGRAFICA 15241,SIMPLE,019-2013-SENAGUA-DNCA-STRH
84,DHE-CESM-038,669449,10036443,72,RIO QUININDE,RIO QUININDE,CAMPAÑA 1,2013,25/09/2013,UTM,17 S,ESMERALDAS,QUININDE,ROSA ZARATE (QUININDE),ESMERALDAS,RIO ESMERALDAS,RIO QUININDE,15261,UNIDAD HIDROGRAFICA 15261,SIMPLE,019-2013-SENAGUA-DNCA-STRH
85,DHE-CESM-018,677896,10050461,60,RIO GUAYLLABAMBA,RIO GUAYLLABAMBA,CAMPAÑA 1,2013,25/09/2013,UTM,17 S,ESMERALDAS,QUININDE,MALIMPIA,ESMERALDAS,RIO ESMERALDAS,RIO GUAYLLABAMBA,15251,UNIDAD HIDROGRAFICA 15251,SIMPLE,019-2013-SENAGUA-DNCA-STRH
86,DHE-CESM-043,675395,10058753,40,MALIMPIA. LA FAVORITA,RIO ESMERALDAS,CAMPAÑA 1,2013,26/09/2013,UTM,17 S,ESMERALDAS,QUININDE,CHURA (CHANCAMA) (CAB. EN EL YERBERO),ESMERALDAS,RIO ESMERALDAS,RIO ESMERALDAS,15219,UNIDAD HIDROGRAFICA 15219,SIMPLE,019-2013-SENAGUA-DNCA-STRH
87,DHE-CESM-DE-MMP-001,788815,9959916,2624,RIO PITA,RIO PITA,CAMPAÑA 1,2013,25/10/2013,UTM,17 S,PICHINCHA,RUMIÑAHUI,SANGOLQUI,ESMERALDAS,RIO ESMERALDAS,RIO GUAYLLABAMBA,15248,CUENCA RIO PITA,SIMPLE,026-2013-SENAGUA-DNCA-STRH
88,DHE-CESM-009,787709,9961889,2561,RIO PITA,RIO PITA,CAMPAÑA 1,2013,25/10/2013,UTM,17 S,PICHINCHA,RUMIÑAHUI,SANGOLQUI,ESMERALDAS,RIO ESMERALDAS,RIO GUAYLLABAMBA,15248,CUENCA RIO PITA,SIMPLE,026-2013-SENAGUA-DNCA-STRH
89,DHE-CESM-001,759090,9927876,3707,QUEBRADA CUCHIHUASI,QUEBRADA CUCHIHUASI,CAMPAÑA 1,2013,30/10/2013,UTM,17 S,PICHINCHA,MEJIA,EL CHAUPI,ESMERALDAS,RIO ESMERALDAS,RIO GUAYLLABAMBA,15249,UNIDAD HIDROGRAFICA 15249,SIMPLE,027-2013-SENAGUA-DNCA-STRH
90,DHE-CESM-002,760282,9936580,3742,VERTIENTE CORAZON,VERTIENTE CORAZON,CAMPAÑA 1,2013,30/10/2013,UTM,17 S,PICHINCHA,MEJIA,EL CHAUPI,ESMERALDAS,RIO ESMERALDAS,RIO GUAYLLABAMBA,15249,UNIDAD HIDROGRAFICA 15249,SIMPLE,027-2013-SENAGUA-DNCA-STRH
91,DHE-CESM-003,771402,9937064,,QUEBRADA S/N,QUEBRADA S/N,CAMPAÑA 1,2013,30/10/2013,UTM,17 S,PICHINCHA,MEJIA,MACHACHI,ESMERALDAS,RIO ESMERALDAS,RIO GUAYLLABAMBA,15249,UNIDAD HIDROGRAFICA 15249,SIMPLE,027-2013-SENAGUA-DNCA-STRH
92,DHE-CESM-010,769119,9965622,3199,CHORRERA,CHORRERA,CAMPAÑA 1,2013,31/10/2013,UTM,17 S,PICHINCHA,QUITO,QUITO,ESMERALDAS,RIO ESMERALDAS,RIO GUAYLLABAMBA,15247,UNIDAD HIDROGRAFICA 15247,SIMPLE,027-2013-SENAGUA-DNCA-STRH
93,DHE-CESM-011,809786,9973731,3301,RIO GUAMBI,RIO GUAMBI,CAMPAÑA 1,2013,31/10/2013,UTM,17 S,PICHINCHA,QUITO,PIFO,ESMERALDAS,RIO ESMERALDAS,RIO GUAYLLABAMBA,15247,UNIDAD HIDROGRAFICA 15247,SIMPLE,027-2013-SENAGUA-DNCA-STRH
94,DHE-CESM-012,787540,9979505,2246,MACHANGARA,MACHANGARA,CAMPAÑA 1,2013,31/10/2013,UTM,17 S,PICHINCHA,QUITO,CUMBAYA,ESMERALDAS,RIO ESMERALDAS,RIO GUAYLLABAMBA,15247,UNIDAD HIDROGRAFICA 15247,SIMPLE,027-2013-SENAGUA-DNCA-STRH
95,DHE-CESM-007,771348,9957309,,QDA.I.2,QDA.I.2,CAMPAÑA 1,2013,29/10/2013,UTM,17 S,PICHINCHA,MEJIA,CUTUGLAHUA,ESMERALDAS,RIO ESMERALDAS,RIO GUAYLLABAMBA,15249,UNIDAD HIDROGRAFICA 15249,SIMPLE,024-2013-SENAGUA-DNCA-STRH
96,DHE-CESM-008,771566,9957964,,QDA. JALUPANA,QDA. JALUPANA,CAMPAÑA 1,2013,29/10/2013,UTM,17 S,PICHINCHA,MEJIA,CUTUGLAHUA,ESMERALDAS,RIO ESMERALDAS,RIO GUAYLLABAMBA,15249,UNIDAD HIDROGRAFICA 15249,SIMPLE,024-2013-SENAGUA-DNCA-STRH
97,DHE-CESM-004,766399,9936345,3111,CHAUPI,RIO JAMBELI,CAMPAÑA 1,2013,04/12/2013,UTM,17 S,PICHINCHA,,,ESMERALDAS,RIO ESMERALDAS,,,,SIMPLE,040-2013-SENAGUA-DNCA-STRH
98,DHE-CESM-005,772978,9951808,2731,RIO SAN PEDRO. PTE. MORCO,RIO SAN PEDRO,CAMPAÑA 1,2013,04/12/2013,UTM,17 S,PICHINCHA,,,ESMERALDAS,RIO ESMERALDAS,RIO GUAYLLABAMBA,,,SIMPLE,040-2013-SENAGUA-DNCA-STRH
99,DHE-CESM-006,776163,9956676,2627,RIO SAN PEDRO. FABRICA TROPICO,RIO SAN PEDRO,CAMPAÑA 1,2013,04/12/2013,UTM,17 S,PICHINCHA,,,ESMERALDAS,RIO ESMERALDAS,RIO GUAYLLABAMBA,,,SIMPLE,040-2013-SENAGUA-DNCA-STRH
100,DHM-CC0J-01,622838,10010983,23,COJIMIES,RIO CHEVE ALTO,CAMPAÑA 1,2013,,WGS 84,17 S,MANABI,PEDERNALES,COJIMIES,MANABI,ESTERO ARRASTRADERO ,,15194,CUENCA ESTERO ARRASTRADERO,SIMPLE,008-2013-SENAGUA-DNCA-STRH
101,DHM-CCOJ-02,618164,10017346,19,COJIMIES,RIO CHEVE BAJO,CAMPAÑA 1,2013,,WGS 84,17 S,MANABI,PEDERNALES,COJIMIES,MANABI,ESTERO ARRASTRADERO ,,15194,CUENCA ESTERO ARRASTRADERO,SIMPLE,008-2013-SENAGUA-DNCA-STRH
102,DHM-CC0J-03,614285,10005957,72,PEDERNALES,RIO VITE Y NALPEZ,CAMPAÑA 1,2013,,WGS 84,17 S,MANABI,PEDERNALES,PEDERNALES,MANABI,ESTERO ARRASTRADERO ,,15194,CUENCA ESTERO ARRASTRADERO,SIMPLE,008-2013-SENAGUA-DNCA-STRH
103,DHM-CCOJ-04,610397,10012316,10,PEDERNALES,RIO VITE BAJO,CAMPAÑA 1,2013,,WGS 84,17 S,MANABI,PEDERNALES,PEDERNALES,MANABI,ESTERO ARRASTRADERO ,,15194,CUENCA ESTERO ARRASTRADERO,SIMPLE,008-2013-SENAGUA-DNCA-STRH
104,DHM-CCHO-01,615624,9919943,9,CHONE,RIOGRANDE,CAMPAÑA 1,2013,,WGS 84,17 S,MANABI,CHONE,CHONE,MANABI,RIO CHONE,RIO CHONE,15162,CUENCA ALTA RIO CHONE,SIMPLE,008-2013-SENAGUA-DNCA-STRH
105,DHM-CCHO-02,607464,9931019,17,RICAURTE,UNION DEL RIO GARAPATILLA Y SANTO,CAMPAÑA 1,2013,,WGS 84,17 S,MANABI,CHONE,RICAURTE,MANABI,RIO CHONE ,RIO CHONE ,15162,CUENCA ALTA RIO CHONE,SIMPLE,008-2013-SENAGUA-DNCA-STRH
106,DHM-CCHO-03,592696,9922199,9,SAN ANTONIO,RIO CHONE BAJO,CAMPAÑA 1,2013,,WGS 84,17 S,MANABI,CHONE,SAN ANTONIO,MANABI,RIO CHONE ,RIO BAJO CHONE,15162,CUENCA ALTA RIO CHONE,SIMPLE,008-2013-SENAGUA-DNCA-STRH
107,DHM-CCHO-04,612343,9900499,87,CALCETA,ESTERO PRIMERA PIEDRA,CAMPAÑA 1,2013,,WGS 84,17 S,MANABI,BOLIVAR,CALCETA,MANABI,,,15169,UNIDAD HIDROGRAFICA 15169,SIMPLE,008-2013-SENAGUA-DNCA-STRH
108,DHM-CCHO-05,590847,9900499,57,JUNIN,RIOMOSCA,CAMPAÑA 1,2013,,WGS 84,17 S,MANABI,JUNIN,JUNIN,MANABI,RIO CHONE,RIO CARRIZAL,15168,CUENCA RIO MOSCA,SIMPLE,008-2013-SENAGUA-DNCA-STRH
109,DHM-CCHO-06,587215,9915216,22,BACHILLERO,RIO CARRISAL,CAMPAÑA 1,2013,,WGS 84,17 S,MANABI,TOSAGUA,BACHILLERO,MANABI,RIO CHONE ,RIO CARIZAL ,15163,UNIDAD HIDROGRAFICA 15163,SIMPLE,008-2013-SENAGUA-DNCA-STRH
110,DHM-CPOR-01,597656,9879721,116,SAN PLACIDO,RIO PATA DE PAJARO,CAMPAÑA 1,2013,,WGS 84,17 S,MANABI,PORTOVIEJO,SAN PLACIDO,MANABI,RIO CUAQUE ,RIO CUAQUE ALTO,15149,UNIDAD HIDROGRAFICA 15149,SIMPLE,008-2013-SENAGUA-DNCA-STRH
111,DHM-CPOR-02,585478,9876894,39,HONORATO VASQUEZ (CAB EN VASQUEZ),RIO PORTOVIEJO,CAMPAÑA 1,2013,,WGS 84,17 S,MANABI,SANTA ANA,HONORATO VASQUEZ (CAB EN VASQUEZ),MANABI,RIO PORTOVIEJO ,RIO PORTOVIEJO ALTO ,15149,UNIDAD HIDROGRAFICA 15149,SIMPLE,008-2013-SENAGUA-DNCA-STRH
112,DHM-CPOR-03,573027,9867117,30,SANTA ANA DE VUELTA LARGA,RIO PORTOVIEJO,CAMPAÑA 1,2013,,WGS 84,17 S,MANABI,SANTA ANA,SANTA ANA DE VUELTA LARGA,MANABI,RIO PORTOVIEJO ,RIO PORTOVIEJO ALTO ,15149,UNIDAD HIDROGRAFICA 15149,SIMPLE,008-2013-SENAGUA-DNCA-STRH
113,DHM-CPOR-04,566088,9875974,56,PORTOVIEJO,RIO PORTOVIEJO,CAMPAÑA 1,2013,,WGS 84,17 S,MANABI,PORTOVIEJO,PORTOVIEJO,MANABI,RIO PORTOVIEJO ,RIO PORTOVIEJO ALTO ,15145,UNIDAD HIDROGRAFICA 15145,SIMPLE,008-2013-SENAGUA-DNCA-STRH
114,DHM-CPOR-05,556606,9885796,76,PORTOVIEJO,RIO PORTOVIEJO,CAMPAÑA 1,2013,,WGS 84,17 S,MANABI,PORTOVIEJO,PORTOVIEJO,MANABI,RIO PORTOVIEJO ,RIO PORTOVIEJO ALTO ,15145,UNIDAD HIDROGRAFICA 15145,SIMPLE,008-2013-SENAGUA-DNCA-STRH
115,DHM-CPOR-06,560073,9895335,20,ROCAFUERTE,UNION RIOCHICO-PORTOVIEJO,CAMPAÑA 1,2013,,WGS 84,17 S,MANABI,ROCAFUERTE,ROCAFUERTE,MANABI,,,15143,UNIDAD HIDROGRAFICA 15143,SIMPLE,008-2013-SENAGUA-DNCA-STRH
116,DHM-CPOR-07,588416,9882540,73,SAN PLACIDO,RIO MACHA GRANDE,CAMPAÑA 1,2013,,WGS 84,17 S,MANABI,PORTOVIEJO,SAN PLACIDO,MANABI,RIO PORTOVIEJO ,RIO CHICO ,15144,CUENCA RIO CHICO,SIMPLE,008-2013-SENAGUA-DNCA-STRH
117,DHM-CPOR-08,564215,9892040,73,JUNIN,RIO CHICO,CAMPAÑA 1,2013,,WGS 84,17 S,MANABI,JUNIN,JUNIN,MANABI,RIO PORTOVIEJO ,RIO CHICO ,15168,CUENCA RIO MOSCA,SIMPLE,008-2013-SENAGUA-DNCA-STRH
118,DHM-CAYA-01,541481,9817006,135,PEDRO PABLO GOMEZ,RIOGRANDE,CAMPAÑA 1,2013,,WGS 84,17 S,MANABI,JIPIJAPA,PEDRO PABLO GOMEZ,MANABI,RIO AYAMPE,RIO AYAMPE,15134,CUENCA RIO AYAMPE,SIMPLE,008-2013-SENAGUA-DNCA-STRH
119,DHM-CAYA-02,523410,9815809,9,AYAMPE,RIOAYAMPE,CAMPAÑA 1,2013,,WGS 84,17 S,MANABI,JIPIJAPA,PEDRO PABLO GOMEZ,MANABI,RIO AYAMPE,RIO AYAMPE ,15134,CUENCA RIO AYAMPE,SIMPLE,008-2013-SENAGUA-DNCA-STRH
120,DHM-CCUA-01,623319,10000119,100,PEDERNALES,RIO CUAQUE (SECTOR EL ACHIOTE),CAMPAÑA 1,2013,,WGS 84,17 S,MANABI,PEDERNALES,PEDERNALES,MANABI,RIO CUAQUE ,RIO CUAQUE BAJO ,15192,CUENCA TRIO CUAQUE,SIMPLE,008-2013-SENAGUA-DNCA-STRH
121,DHM-CCUA-02,602937,10000170,21,PEDERNALES,RIO CUAQUE,CAMPAÑA 1,2013,,WGS 84,17 S,MANABI,PEDERNALES,PEDERNALES,MANABI,RIO CUAQUE ,RIO CUAQUE BAJO ,15192,CUENCA RIO CUAQUE,SIMPLE,008-2013-SENAGUA-DNCA-STRH
122,DHM-CBRI-01,580113,9943932,88,SAN VICENTE,ESTERO ROSA BLANCA,CAMPAÑA 1,2013,,WGS 84,17 S,MANABI,SAN VICENTE,SAN VICENTE,MANABI,RIO BRICEÑO ,RIO BRICEÑO ,15174,CUENCA RIO BRICE±O,SIMPLE,008-2013-SENAGUA-DNCA-STRH
123,DHM-CBRI-02,566374,9944650,6,SAN VICENTE,RIOBRISE±O,CAMPAÑA 1,2013,,WGS 84,17 S,MANABI,SAN VICENTE,SAN VICENTE,MANABI,RIO BRICEÑO ,RIO BRICEÑO ,15174,CUENCA RIO BRICE±O,SIMPLE,008-2013-SENAGUA-DNCA-STRH
124,DHM-CJAM-01,611684,9950751,149,ZAPALLO,RIO ZAPALLO,CAMPAÑA 1,2013,,WGS 84,17 S,MANABI,FLAVIO ALFARO,ZAPALLO,MANABI,RIO MUCHACHO ,RIO MUCHACHO ,15188,CUENCA RIO YESCAS,SIMPLE,008-2013-SENAGUA-DNCA-STRH
125,DHM-CJAM-02,583986,9975384,7,JAMA,RIO JAMA,CAMPAÑA 1,2013,,WGS 84,17 S,MANABI,JAMA,JAMA,MANABI,RIO JAMA ,RIO JAMA ALTO ,15181,UNIDAD HIDROGRAFICA 15181,SIMPLE,008-2013-SENAGUA-DNCA-STRH
126,DHM-CBUE-01,552225,9835995,507,EL ANEGADO (CAB. EN ELOY ALFARO),RIO SAN LORENZO,CAMPAÑA 1,2013,,WGS 84,17 S,MANABI,JIPIJAPA,EL ANEGADO (CAB. EN ELOY ALFARO),MANABI,RIO BUENA VISTA ,RIO BABAHOYO-MILAGRO,15136,CUENCA TIO BUENA VISTA,SIMPLE,008-2013-SENAGUA-DNCA-STRH
127,DHM-CBUE-02,541895,9836625,345,JULCUY,RIO JUCUY,CAMPAÑA 1,2013,,WGS 84,17 S,MANABI,JIPIJAPA,JULCUY,MANABI,RIO BUENA VISTA ,,15136,CUENCA TIO BUENA VISTA,SIMPLE,008-2013-SENAGUA-DNCA-STRH
128,DHM-CJIP-01,541525,9848196,473,JIPIJAPA,JIPIJAPA,CAMPAÑA 1,2013,,WGS 84,17 S,MANABI,JIPIJAPA,JIPIJAPA,MANABI,RIO JIPIJAPA,RIO JIPIJAPA,,,SIMPLE,008-2013-SENAGUA-DNCA-STRH
129,DHG-CDA-01,621560,9956990,,EN EL SECTOR MASCARAS 5 KM. DE FLAVIO ALFARO PUENTE, RIO PESCADILLO,CAMPAÑA 1,2013,15/08/2014,WGS84,17S,MANABI,FALVIO ALFARO,FLAVIO ALFARO RECINTO QUIÑONEZ,GUAYAS,RIO GUAYAS,RIO DAULE,14299,UNIDAD HIDROGRAFICA 14299,SIMPLE,006-2013-SENAGUA-DNCA-STRH
130,DHG-CDA-02,620674,9963182,,PUENTE MASCARAS EN KM. 52 VIA FLAVIO ALFARO EL CARMEN,RIO LA MORENA,CAMPAÑA 1,2013,14/08/2014,WGS84,17S,MANABI,FLAVIO ALFARO,FLAVIO ALFARO RECINTO QUIÑONEZ,GUAYAS,,,14298,CUENCA RIO LA MORENA,SIMPLE,006-2013-SENAGUA-DNCA-STRH
131,DHG-CDA-03,660261,9951915,,LA BRAMADORA,RIO PUPUSA,CAMPAÑA 1,2013,14/08/2014,WGS84,17S,SANTO DOMINGO DE LOS TSACHILAS,SANTO DOMINGO,EL CARMEN,GUAYAS,,,14297,UNIDAD HIDROGRAFICA 14297,SIMPLE,006-2013-SENAGUA-DNCA-STRH
132,DHG-CDA-04,686113,9972425,,INGRESO ROTULO RESTAURANT POSADA DE MARIEL ESCUELA CARMEN BENALCAZAR MANO IZQUIERDA,RIO CAJONES ,CAMPAÑA 1,2013,15/08/2014,WGS84,17S,MANABI,SANTO DOMINGO,SANTO DOMINGO,GUAYAS,,,14297,UNIDAD HIDROGRAFICA 14297,SIMPLE,006-2013-SENAGUA-DNCA-STRH
133,DHG-CDA-05,682177,9956503,,INGRESO POR LA GASOLINERA PASANDO EL RECINTO LOS ANGELES,RIO CONGOMA,CAMPAÑA 1,2013,16/08/2014,WGS84,17S,BUENA FE,BUENA FE,PUERTO LIMON,GUAYAS,,,14294,CUENCA RIO PERIPA,SIMPLE,006-2013-SENAGUA-DNCA-STRH
134,DHG-CDA-06,688347,9956062,,VIA LUZ DE AMERICA-EL LIMON,RIO SALGANA  - ARRIBA,CAMPAÑA 1,2013,13/08/2014,WGS84,17S,SANTO DOMINGO DE LOS TSACHILAS,SANTO DOMINGO,LUZ DE AMERICA,GUAYAS,,,14294,CUENCA RIO PERIPA,SIMPLE,006-2013-SENAGUA-DNCA-STRH
135,DHG-CDA-07,674097,9932417,,AGUAS ABAJO DEL BUEVO COMPLEJO STO. DOMINGO,RIO SALGANA - ABAJO,CAMPAÑA 1,2013,16/08/2014,WGS84,17S,SANTO DOMINGO DE LOS TSACHILAS,SANTO DOMINGO,LUZ DE AMERICA,GUAYAS,,,14294,CUENCA RIO PERIPA,SIMPLE,006-2013-SENAGUA-DNCA-STRH
136,DHG-CDA-08,670306,9925687,,ENTRADA POR HIDROLITORAL ANTES DE UNICE CON AGUAS TURBINADAS DEL BABA,RIO CHAUNE - ARRIBA,CAMPAÑA 1,2013,15/08/2014,WGS84,17S,SANTO DOMINGO DE LOS TSACHILAS,SANTO DOMINGO,SAN JACINTO DE BUENA FE,GUAYAS,RIO GUAYAS,RIO DAULE,14294,CUENCA RIO PERIPA,SIMPLE,006-2013-SENAGUA-DNCA-STRH
137,DHG-CDA-09,667683,9936645,,INGRESO POR LA VIA AL PARAISO DE LA 14 EN EL PUENTE,RIO PERIPA,CAMPAÑA 1,2013,13/08/2014,WGS84,17S,MANGA DEL CURA AREA NO DELIMITADA,MANGA DEL CURA,MANGA DEL CURA,GUAYAS,RIO GUAYAS,RIO DAULE,14294,CUENCA RIO PERIPA,SIMPLE,006-2013-SENAGUA-DNCA-STRH
138,DHG-CDA-10,631016,9883943,,EN MALECON DEL CATON PICHICHA,RIO DAULE - PICHINCHA,CAMPAÑA 1,2013,15/08/2014,WGS84,17S,MANABI,PICHINCHA,PICHINCHA,GUAYAS,RIO GUAYAS,RIO DAULE,14293,UNIDAD HIDROGRAFICA 14293,SIMPLE,006-2013-SENAGUA-DNCA-STRH
139,DHG-CDA-11,621255,9849016,,EN BALZAR CENTRO DE LA CIUDAD INGRESO POR EL PARQUE CENTRAL ESTACION FLUVIAL (CANOAS),RIO DAULE - BALZAR,CAMPAÑA 1,2013,15/08/2014,WGS84,17S,GUAYAS,BALZAR,BALZAR,GUAYAS,RIO GUAYAS,RIO DAULE,14279,UNIDAD HIDROGRAFICA 14279,SIMPLE,006-2013-SENAGUA-DNCA-STRH
140,DHG-CDA-12,611407,9828359,,A 200 M DESPUES DE LA UNION CON EL RIO COLIMES,RIO DAULE- COLIMES,CAMPAÑA 1,2013,13/08/2014,WGS84,17S,GUAYAS,COLIMES,COLIMES,GUAYAS,RIO GUAYAS,RIO DAULE,14259,UNIDAD HIDROGRAFICA 14259,SIMPLE,006-2013-SENAGUA-DNCA-STRH
141,DHG-CDA-13,613261,9809519,,EN GASOLINERA AL INGRESO A STA. LUCIA VIA GQUIL-STA. LUCIA,RIO DAULE - STA LUCIA,CAMPAÑA 1,2013,13/08/2014,WGS84,17S,SANTA LUCIA,SANTA LUCIA,SANTA LUCIA,GUAYAS,RIO GUAYAS,RIO DAULE,14255,UNIDAD HIDROGRAFICA 14255,SIMPLE,006-2013-SENAGUA-DNCA-STRH
142,DHG-CDA-14,618233,9791389,,EN EL PUENTE VIA LAS MARAVILLAS DAULE,RIO PULA,CAMPAÑA 1,2013,12/08/2014,WGS84,17S,GUAYAS,DAULE,DAULE,GUAYAS,RIO GUAYAS,RIO DAULE,14223,UNIDAD HIDROGRAFICA 14223,SIMPLE,006-2013-SENAGUA-DNCA-STRH
143,DHG-CDA-15,613046,9780840,,KM. 21 VIA A DAULE ESTACION DE BOMBEO TRASVASE RIO DAULE,RIO DAULE - EST BOMBEO,CAMPAÑA 1,2013,12/08/2014,WGS84,17S,GUAYAS,GUAYAQUIL,GUAYAQUIL,GUAYAS,RIO GUAYAS,RIO DAULE,14218,CUENCA 14218,SIMPLE,006-2013-SENAGUA-DNCA-STRH
144,DHG-CDA-16,619500,9772018,,PUENTE EN LA VIA PERIMETRAL-LA AURORA,RIO DAULE - LA AURORA,CAMPAÑA 1,2013,12/08/2014,WGS84,17S,GUAYAS,DAULE,DAULE,GUAYAS,RIO GUAYAS,RIO DAULE,14215,UNIDAD HIDROGRAFICA 14215,SIMPLE,006-2013-SENAGUA-DNCA-STRH
145,DHG_CBA-01,713201,9938522,,VIA NARANJITO EL ROSARIO RIO CHAGUE GRANDE INGRESO AL AL VIA NUESTRA SEÑORA DE LA ESPERANZA MANO IZQUIERDA ANTES DE BUCAY,RIO CHAGUE,CAMPAÑA 1,2013,28/08/2015,WGS84,17S,COTOPAXI,SIGCHOS,SIGCHOS,GUAYAS,,,14887,UNIDAD HIDROGRAFICA 14887,SIMPLE,0013-2013-SENAGUA-DNCA-STRH
146,DHG_CBA-02,693585,9889931,,EN PUENTE VIA LA MANA MORASPUNGO,RIO CALOPE,CAMPAÑA 1,2013,15/10/2015,WGS85,17S,COTOPAXI,PANGUA,MORASPUNGO,GUAYAS,RIO CALOPE,RIO CALOPE,1489,UNIDAD HIDROGRAFICA 14989,SIMPLE,0021-2013-SENAGUA-DNCA-STRH
147,DHG_CBA-03,731013,9875129,2773,ANGAMARCA A 100 M DE HIDROELECTRICA ELECCO S.A.,RIO ANGAMARCA,CAMPAÑA 1,2013,17/10/2015,WGS86,17S,COTOPAXI,PUJILI,ANGAMARCA,GUAYAS,RIO GUAYAS,RIO BABAHOYO - CATARAMA,14999,UNIDAD HIDROGRAFICA 14999,SIMPLE,0021-2013-SENAGUA-DNCA-STRH
148,DHG_CBA-04,712336,9871916,2577,,RIO PIÑANATO,CAMPAÑA 1,2013,17/10/2015,WGS87,17S,BOLIVAR,GUARANDA,FACUNDO VELA,GUAYAS,RIO GUAYAS,RIO BABAHOYO - CATARAMA,14996,CUENCA RIO PIÑANATUG,SIMPLE,0021-2013-SENAGUA-DNCA-STRH
149,DHG_CBA-05,688026,9866227,142,POBLACION DE QUINSALOMA,RIO UMBE,CAMPAÑA 1,2013,19/09/2015,WGS88,17S,LOS RIOS,QUINSALOMA,QUINSALOMA,GUAYAS,,,14993,UNIDAD HIDROGRAFICA 14933,SIMPLE,0020-2013-SENAGUA-DNCA-STRH
150,DHG_CBA-06,686976,9857789,110,,RIO NAVE GRANDE,CAMPAÑA 1,2013,19/09/2015,WGS84,17S,BOLIVAR,LAS NAVES,LAS NAVES,GUAYAS,,,14992,CUENCA RIO SUQUIBI,SIMPLE,0020-2013-SENAGUA-DNCA-STRH
151,DHG_CBA-07,677331,9849242,35,EN ESTACION INAMHI ZAPOTAL LECHUGAL,RIO ZAPOTAL,CAMPAÑA 1,2013,17/09/2015,WGS84,17S,LOS RIOS,VENTANAS,ZAPOTAL,GUAYAS,RIO ZAPOTAL,RIO ZAPOTAL,14977,UNIDAD HIDROGRAFICA 14977,SIMPLE,0020-2013-SENAGUA-DNCA-STRH
152,DHG_CBA-08,669534,9840058,28,ENTRADA POR HDA.,RIO VENTANAS,CAMPAÑA 1,2013,17/09/2015,WGS84,17S,LOS RIOS,VENTANAS,VENTANAS,GUAYAS,,,14959,UNIDAD HIDROGRAFICA 14959,SIMPLE,0020-2013-SENAGUA-DNCA-STRH
153,DHG_CBA-09,705813,9845867,944,RIO CHAZO JUAN; BLANCO DEL RIO SOLOMA VIA ECHEANDIA 14 KM HASTA CHAZO JUAN + 2 KM HASTA EL RIO,RIO CHAZO JUAN RIO (SOLOMA),CAMPAÑA 1,2013,18/09/2015,WGS84,17S,BOLIVAR,GUARANDA,SALINAS,GUAYAS,,,14966,CUENCA RIO CHAZO JUAN,SIMPLE,0020-2013-SENAGUA-DNCA-STRH
154,DHG_CBA-10,691122,9841974,313,,RIO SOLOMA,CAMPAÑA 1,2013,30/08/2015,WGS84,17S,BOLIVAR,ECHEANDIA,ECHEANDIA,GUAYAS,,,14963,UNIDAD HIDROGRAFICA 14963,SIMPLE,0013-2013-SENAGUA-DNCA-STRH
155,DHG_CBA-11,702232,9835925,116,VIA ECHEANDIA – LA CENA,RIO PAYAGUA O LA CENA,CAMPAÑA 1,2013,20/09/2015,WGS84,17S,BOLIVAR,GUARANDA,GAURANDA,GUAYAS,,,14967,UNIDAD HIDROGRAFICA 14967,SIMPLE,0020-2013-SENAGUA-DNCA-STRH
156,DHG_CBA-12,670176,9826732,25,ABAJO DE POBLACION HDA. DOÑA LAURA,RIO CATARAMA,CAMPAÑA 1,2013,29/08/2015,WGS84,17S,LOS RIOS,URDANETA,CATARAMA,GUAYAS,RIO GUAYAS,RIO BABAHOYO - CATARAMA,14957,UNIDAD HIDROGRAFICA 14957,SIMPLE,0013-2013-SENAGUA-DNCA-STRH
157,DHG_CBA-13,687271,9828802,,VIA CALUMA -ECHEANDIA,RIO SALAMPE,CAMPAÑA 1,2013,30/08/2015,WGS84,17S,LOS RIOS,URDANETA,RICAURTE,GUAYAS,,,14956,CUENCA RIO PIJUILLO,SIMPLE,0013-2013-SENAGUA-DNCA-STRH
158,DHG_CBA-14,709703,9823363,992,QUEBRADA COCHA-RIO SAN ANTONIO A 2 KM. MORASPAMBA 32 KM. AGUAS ARRIBA DE CALUMA,RIO SAN ANTONIO (RIO CALUMA),CAMPAÑA 1,2013,30/08/2015,WGS84,17S,BOLIVAR,GUARANDA,JULIO E. MORENO,GUAYAS,RIO CAÑAR,RIO CAÑAR ALTO,14952,CUENCA RIO PITA,SIMPLE,0013-2013-SENAGUA-DNCA-STRH
159,DHG_CBA-15,693851,9812688,298,PASANDO COMUNIDAD ESMERALDA (BIOMONITOREO),RIO SOLEDAD  (RIO POTOSI),CAMPAÑA 1,2013,29/08/2015,WGS84,17S,BOLIVAR,CHIMBO,TELIMBELA,GUAYAS,,,14942,CUENCA RIO SANTA ROSA,SIMPLE,0013-2013-SENAGUA-DNCA-STRH
160,DHG_CBA-16,690935,9801697,72,,RIO CRISTAL,CAMPAÑA 1,2013,17/09/2015,WGS84,17S,LOS RIOS,MONTALVO,MONTALVO,GUAYAS,RIO GUAYAS,RIO BABAHOYO - SAN PABLO,14944,CUENCA RIO CRISTAL,SIMPLE,0020-2013-SENAGUA-DNCA-STRH
161,DHG_CBA-17,673376,9797050,,EN PUENTE VIA BABAHOYO MONTALVO,RIO SAN PABLO,CAMPAÑA 1,2013,16/09/2015,WGS84,17S,LOS RIOS,BABAHOYO,BABAHOYO,GUAYAS,RIO SAN PABLO,RIO SAN PABLO,14943,UNIDAD HIDROGRAFICA 14943,SIMPLE,0020-2013-SENAGUA-DNCA-STRH
162,DHG_CBA-18,661106,9790665,28,CONFLUENCIA DE RIO CHILINTOMO Y RIO AMARILLO,RIO AMARILLO,CAMPAÑA 1,2013,18/09/2015,WGS84,17S,GUAYAS,ALFREDO BAQUERIZO MORENO,ALFREDO BAQUERIZO MORENO (JUJAN),GUAYAS,RIO GUAYAS,RIO DAULE,14661,UNIDAD HIDROGRAFICA 14661,SIMPLE,0020-2013-SENAGUA-DNCA-STRH
163,DHG_CBA-19,657259,9789282,15,ABAJO DEL CAMAL,RIO JUJAN,CAMPAÑA 1,2013,18/09/2015,WGS84,17S,GUAYAS,ALFREDO BAQUERIZO MORENO,ALFREDO BAQUERIZO MORENO (JUJAN),GUAYAS,RIO GUAYAS,RIO BABAHOYO - JUJAN,,,SIMPLE,0020-2013-SENAGUA-DNCA-STRH
164,DHG_CBA-20,648161,9804524,,EN PUENE VIA BABA - SAN JUA E ISLA BEJUNCAL,RIO ARENAL,CAMPAÑA 1,2013,16/09/2015,WGS84,17S,LOS RIOS,BABA,BABA,GUAYAS,RIO GUAYAS,RIO BABAHOYO - ARENAL,14921,UNIDAD HIDROGRAFICA 14921,SIMPLE,0020-2013-SENAGUA-DNCA-STRH
165,DHG_CBA-21,637134,9789697,29,EN SALITRE,RIO VINCES - SALITRE,CAMPAÑA 1,2013,16/09/2015,WGS84,17S,GUAYAS,SAMBORONDON,SAMBORONDON,GUAYAS,RIO GUAYAS,RIO BABAHOYO - VINCES,14547,UNIDAD HIDROGRAFICA 14547,SIMPLE,0020-2013-SENAGUA-DNCA-STRH
166,DHG_CBA-22,642154,9782422,,MALECON DE SAMBORONDON,RIO BABAHOYO - SAMBORONDON,CAMPAÑA 1,2013,28/08/2015,WGS84,17S,GUAYAS,SAMBORONDON,SAMBORONDON,GUAYAS,RIO GUAYAS,RIO BABAHOYO,,,SIMPLE,0013-2013-SENAGUA-DNCA-STRH
167,DHG_CBA-23,625850,9767571,,EN PUENTE ISLA MOCOLI,RIO BABAHOYO - I. MOCOLI,CAMPAÑA 1,2013,28/08/2015,WGS84,17S,GUAYAS,SAMBORONDON,SAMBORONDON,GUAYAS,RIO GUAYAS,RIO BABAHOYO,,,SIMPLE,0013-2013-SENAGUA-DNCA-STRH
168,DHG-CVI-01,708491,9965449,529,EN RCTO. LA LORENA,RIO MAGDALENA,CAMPAÑA 1,2013,28/10/2015,WGS84,17S,SANTO DOMINGO DE LOS TSACHILAS,SANTO DOMINGO,SANTO DOMINGO DE LOS COLORADOS,GUAYAS,,,14899,UNIDAD HIDROGRAFICA 14899,SIMPLE,025-2013-SENAGUA-DNCA.STRH
169,DHG-CVI-02,698512,9955971,440,POBLACION CHUGUILPE EN PUENTE,RIO POVE,CAMPAÑA 1,2013,28/10/2015,WGS84,17S,SANTO DOMINGO DE LOS TSACHILAS,SANTO DOMINGO,EL ESFUERZO,GUAYAS,,,14895,UNIDAD HIDROGRAFICA 14895,SIMPLE,025-2013-SENAGUA-DNCA.STRH
170,DHG-CVI-03,713259,9938597,,EN RCTO COCHAPAMBA,RIO RAYO O QUEBRADA MEDADERO ,CAMPAÑA 1,2013,29/10/2015,WGS84,17S,COTOPAXI,SIGCHOS,SIGCHOS,GUAYAS,,,14887,UNIDAD HIDROGRAFICA 14887,SIMPLE,025-2013-SENAGUA-DNCA.STRH
171,DHG-CVI-04,683094,9924537,154,EN RCTO FATIMA ENTRADA POR FUMISA HACIENDA ALTAMIRA,RIO TOACHI GRANDE,CAMPAÑA 1,2013,30/10/2015,WGS84,17S,LOS RIOS,VALENCIA,VALENCIA,GUAYAS,RIO GUAYAS,RIO BABAHOYO - VINCES,14881,UNIDAD HIDROGRAFICA 14881,SIMPLE,025-2013-SENAGUA-DNCA.STRH
172,DHG-CVI-05,708060,9923631,616,RECINTO GUADUALEN PUENTE ,RIO GUADUAL,CAMPAÑA 1,2013,30/10/2015,WGS84,17S,COTOPAXI,LA MANA,PUCAYACU,GUAYAS,,,14869,UNIDAD HIDROGRAFICA 14869,SIMPLE,025-2013-SENAGUA-DNCA.STRH
173,DHG-CVI-06,688856,9919235,,PARROQUIA LA ESPERANZA EN VALENCIA,RIO LULU,CAMPAÑA 1,2013,29/10/2015,WGS84,17S,LOS RIOS,VALENCIA,VALENCIA,GUAYAS,RIO GUAYAS,RIO BABAHOYO - VINCES,14865,UNIDAD HIDROGRAFICA 14865,SIMPLE,025-2013-SENAGUA-DNCA.STRH
174,DHG-CVI-07,673740,9923393,101,EN SECTOR PALO BLANCO,RIO BABA,CAMPAÑA 1,2013,31/10/2015,WGS84,17S,LOS RIOS,VALENCIA,VALENCIA,GUAYAS,RIO GUAYAS,RIO BABAHOYO - VINCES,14875,UNIDAD HIDROGRAFICA 14875,SIMPLE,025-2013-SENAGUA-DNCA.STRH
175,DHG-CVI-08,670760,9884845,49,,RIO VINCES - QUEVEDO,CAMPAÑA 1,2013,31/10/2015,WGS84,17S,LOS RIOS,QUEVEDO,QUEVEDO,GUAYAS,RIO GUAYAS,RIO BABAHOYO - VINCES,14839,UNIDAD HIDROGRAFICA 14839,SIMPLE,025-2013-SENAGUA-DNCA.STRH
176,DHG-CVI-09,658421,9855415,38,,RIO VINCES - MOCACHE,CAMPAÑA 1,2013,31/10/2015,WGS84,17S,LOS RIOS,MOCACHE,MOCACHE,GUAYAS,RIO GUAYAS,RIO BABAHOYO - VINCES,14835,UNIDAD HIDROGRAFICA 14835,SIMPLE,025-2013-SENAGUA-DNCA.STRH
177,DHG-CVI-10,639600,9830407,16,EN VINCES RIO NUEVO. PUNTO DE DESCARGA PROYECTO DAUVIN,RIO VINCES - RIO NUEVO,CAMPAÑA 1,2013,01/11/2015,WGS84,17S,LOS RIOS,VINCES,VINCES,GUAYAS,RIO GUAYAS,RIO BABAHOYO - VINCES,14817,UNIDAD HIDROGRAFICA 14817,SIMPLE,025-2013-SENAGUA-DNCA.STRH
178,DHG-CVI-11,633235,9818707,,EN PUENTE COLGANTE EN SOTOMAYOR,RIO VINCES - A. SOTOMAYOR,CAMPAÑA 1,2013,01/11/2015,WGS84,17S,LOS RIOS,VINCES,ANTONIO SOTOMAYOR (CAB. EN PLAYAS DE VINCES),GUAYAS,RIO GUAYAS,RIO BABAHOYO - VINCES,14817,UNIDAD HIDROGRAFICA 14817,SIMPLE,025-2013-SENAGUA-DNCA.STRH
179,DHG-CVI-12,632292,9804669,,EN RCTO BUENA SUERTE EN PUENTE COLGANTE DESPUES DE LA CONFLUENCIA DEL RIO VINCES Y MASTRANTA,RIO VINCES -BUENA SUERTE,CAMPAÑA 1,2013,01/11/2015,WGS84,17S,GUAYAS,SALITRE,GRAL. VERNAZA (DOS ESTEROS),GUAYAS,RIO GUAYAS,RIO BABAHOYO - VINCES,14815,UNIDAD HIDROGRAFICA 14815,SIMPLE,025-2013-SENAGUA-DNCA.STRH
180,DHG-ECH-01,599690,9754854,63,CHONGON,EMBALSE CHONGON - ENTRADA,CAMPAÑA 1,2013,11/11/2015,WGS84,17S,SANTA ELENA,SANTA ELENA,HACIENDA CLAUDINA,GUAYAS,,,,,SIMPLE,029-2013-SENAGUA-DNCA.STRH
181,DHG-ECH-02,598778,9754337,55,CHONGON,EMBALSE CHONGON - CENTRO SUPERFICIAL,CAMPAÑA 1,2013,11/11/2015,WGS84,17S,SANTA ELENA,SANTA ELENA,HACIENDA CLAUDINA,GUAYAS,,,,,SIMPLE,029-2013-SENAGUA-DNCA.STRH
182,DHG-ECH-03,598778,9754337,55,CHONGON,EMBALSE CHONGON - CENTRO PROFUNDO,CAMPAÑA 1,2013,11/11/2015,WGS84,17S,SANTA ELENA,SANTA ELENA,HACIENDA CLAUDINA,GUAYAS,,,,,SIMPLE,029-2013-SENAGUA-DNCA.STRH
183,DHG-ECH-04,597371,9753492,56,CHONGON,EMBALSE CHONGON - SALIDA,CAMPAÑA 1,2013,11/11/2015,WGS84,17S,SANTA ELENA,SANTA ELENA,HACIENDA CLAUDINA,GUAYAS,,,,,SIMPLE,029-2013-SENAGUA-DNCA.STRH
184,DHG-ECP-01,572574,9722932,,PLAYAS,EMBALSE COLA PLAYAS - CENTRO SUPERFICIAL,CAMPAÑA 1,2013,12/11/2015,WGS84,17S,GUAYAS,PLAYAS,,GUAYAS,,,,,SIMPLE,029-2013-SENAGUA-DNCA.STRH
185,DHG-ECP-02,572574,9722932,,PLAYAS,EMBALSE COLA PLAYAS - CENTRO PROFUNDO,CAMPAÑA 1,2013,12/11/2015,WGS84,17S,GUAYAS,PLAYAS,,GUAYAS,,,,,SIMPLE,029-2013-SENAGUA-DNCA.STRH
186,DHG-ECP-03,572547,9722864,,PLAYAS,EMBALSE COLA PLAYAS - SALIDA,CAMPAÑA 1,2013,12/11/2015,WGS84,17S,GUAYAS,PLAYAS,,GUAYAS,,,,,SIMPLE,029-2013-SENAGUA-DNCA.STRH
187,DHG-ECP-04,572857,9722928,,PLAYAS,EMBALSE COLA PLAYAS - ENTRADA,CAMPAÑA 1,2013,12/11/2015,WGS84,17S,GUAYAS,PLAYAS,,GUAYAS,,,,,SIMPLE,029-2013-SENAGUA-DNCA.STRH
188,DHG-EAZ-01,549444,9753819,,AZUCAR,EMBALSE EL AZUCAR - ENTRADA,CAMPAÑA 1,2013,13/11/2015,WGS84,17S,SANTA ELENA,SANTA ELENA,AZUCAR,GUAYAS,,,,,SIMPLE,029-2013-SENAGUA-DNCA.STRH
189,DHG-EAZ-02,547970,9752803,,AZUCAR,EMBALSE EL AZUCAR - CENTRO SUPERFICIAL,CAMPAÑA 1,2013,13/11/2015,WGS84,17S,SANTA ELENA,SANTA ELENA,AZUCAR,GUAYAS,,,,,SIMPLE,029-2013-SENAGUA-DNCA.STRH
190,DHG-EAZ-03,547970,9752803,,AZUCAR,EMBALSE EL AZUCAR - CENTRO PROFUNDO,CAMPAÑA 1,2013,13/11/2015,WGS84,17S,SANTA ELENA,SANTA ELENA,AZUCAR,GUAYAS,,,,,SIMPLE,029-2013-SENAGUA-DNCA.STRH
192,DHG-EAZ-05,539605,9743971,,RIO VERDE,EMBALSE EL AZUCAR  - CANAL RIO VERDE ,CAMPAÑA 1,2013,13/11/2015,WGS84,17S,SANTA ELENA,SANTA ELENA,RIO VERDE,GUAYAS,,,,,SIMPLE,029-2013-SENAGUA-DNCA.STRH
193,DHG-ESV-14,552078,9778846,,SAN VICENTE,EMBALSE SAN VICENTE - SUPERFICIAL,CAMPAÑA 1,2013,13/11/2015,WGS84,17S,SANTA ELENA,SANTA ELENA,SAN VICENTE,GUAYAS,,,,,SIMPLE,029-2013-SENAGUA-DNCA.STRH
194,DHG-ESV-15,552078,9778846,,SAN VICENTE,EMBALSE SAN VICENTE - SALIDA,CAMPAÑA 1,2013,13/11/2015,WGS84,17S,SANTA ELENA,SANTA ELENA,SAN VICENTE,GUAYAS,,,,,SIMPLE,029-2013-SENAGUA-DNCA.STRH
195,DHG_CCHI-01,725818,9847435,3930,VIA A PACHANCHO,QUEBRADA PACHANCHO,CAMPAÑA 1,2013,18-NOV,WGS84,17S,BOLIVAR,GUARANDA,SALINAS,GUAYAS,,,,,SIMPLE,032-2013-SENAGUA-DNCA-STRH
196,DHG_CCHI-02,730548,9830677,3270,EN LA COMUNIDAD PACHACUTEG,RIO CORAZON,CAMPAÑA 1,2013,18-NOV,WGS84,17S,BOLIVAR,GUARANDA,GUANUJO,GUAYAS,,,,,SIMPLE,032-2013-SENAGUA-DNCA-STRH
197,DHG_CCHI-03,721648,9822681,2580,SOCABON LA MERCED,RIO SALINAS,CAMPAÑA 1,2013,18-NOV,WGS84,17S,BOLIVAR,GUARANDA,SANTA FE,GUAYAS,RIO GUAYAS,RIO BABAHOYO - MILAGRO,,,SIMPLE,032-2013-SENAGUA-DNCA-STRH
198,DHG_CCHI-04,730300,9777750,1773,SECTOR GUARO GRANDE,RIO PALMITAL,CAMPAÑA 1,2013,19-NOV,WGS84,17S,CHIMBORAZO,PALLATANGA,PALLATANGA,GUAYAS,,,,,SIMPLE,032-2013-SENAGUA-DNCA-STRH
199,DHG_CCHI-05,725097,9776481,1371,SECTOR GUANGASI,RIO COCO,CAMPAÑA 1,2013,19-NOV,WGS84,17S,CHIMBORAZO,PALLATANGA,PALLATANGA,GUAYAS,,,,,SIMPLE,032-2013-SENAGUA-DNCA-STRH
200,DHG_CCHI-06,719711,9811420,2297,A 200 M DEL BOTADERO DE BASURA DE CHIMBO,RIO CHIMBO - SAN MIGUEL,CAMPAÑA 1,2013,19/11/2015,WGS84,17S,BOLIVAR,SAN MIGUEL DE BOLIVAR,SAN MIGUEL DE BOLIVAR,GUAYAS,RIO GUAYAS,RIO BABAHOYO - MILAGRO,,,SIMPLE,032-2013-SENAGUA-DNCA-STRH
201,DHG_CCHI-07,707070,9756352,300,EN CIUDAD CUMANDA,RIO CHIMBO - INAMHI,CAMPAÑA 1,2013,22/11/2015,WGS84,17S,CHIMBORAZO,CUMANDA,CUMANDA,GUAYAS,RIO GUAYAS,RIO BABAHOYO - MILAGRO,,,SIMPLE,032-2013-SENAGUA-DNCA-STRH
202,DHG_CCHA-01,751081,9768964,3157,EN PUENTE VIA ALAUSI EN SECTOR PUMACHACA,RIO ATAPO,CAMPAÑA 1,2013,20/11/2015,WGS84,17S,CHIMBORAZO,GUAMOTE,PALMIRA,GUAYAS,,,,,SIMPLE,032-2013-SENAGUA-DNCA-STRH
203,DHG_CCHA-02,737879,9755447,2107,EN PUENTE DE VIA DEL TREN SECTOR AGUA CLARA,RIO CHANCHAN - ALAUSI,CAMPAÑA 1,2013,20/11/2015,WGS84,17S,CHIMBORAZO,ALAUSI,ALAUSI,GUAYAS,RIO GUAYAS,RIO BABAHOYO - MILAGRO,,,SIMPLE,032-2013-SENAGUA-DNCA-STRH
204,DHG_CCHA-03,721500,9742716,1401,EN PUENTE PANAMA VIA A HUIGRA,RIO PANAMA,CAMPAÑA 1,2013,20/11/2015,WGS84,17S,CHIMBORAZO,ALAUSI,HUIGRA,GUAYAS,,,,,SIMPLE,032-2013-SENAGUA-DNCA-STRH
205,DHG_CCHA-04,717611,9741126,1357,EN SECTOR ANGAS,RIO ANGAS,CAMPAÑA 1,2013,21/11/2015,WGS84,17S,CHIMBORAZO,ALAUSI,HUIGRA,GUAYAS,RIO GUAYAS,RIO BABAHOYO - MILAGRO,,,SIMPLE,032-2013-SENAGUA-DNCA-STRH
206,DHG_CCHA-05,707373,9754307,325,EN SECTOR SAN JUAN CHICO,RIO CHANCHAN - INAMHI,CAMPAÑA 1,2013,21/11/2015,WGS84,17S,CAÑAR,CAÑAR,VENTURA,GUAYAS,RIO GUAYAS,RIO BABAHOYO - MILAGRO,,,SIMPLE,032-2013-SENAGUA-DNCA-STRH
207,DHG_CCHA-06,671899,9754210,39,EN BARRIO ACAPULCO BAJO PUENTE DE RIEGO,RIO CHIMBO - MARCELINO MARIDUEÑA,CAMPAÑA 1,2013,21/11/2015,WGS84,17S,GUAYAS,CORONEL MARCELINO MARIDUEÑA,CORONEL MARCELINO MARIDUEÑA,GUAYAS,RIO GUAYAS,RIO BABAHOYO - MILAGRO,,,SIMPLE,032-2013-SENAGUA-DNCA-STRH
208,DHG_CCAÑ-01,736549,9714401,5644,EN ESTACION INAMHI. EN HADA  CURIA VIA A CAÑAR - SAN PEDRO 2 KM,RIO VENDE LECHE,CAMPAÑA 1,2013,25/11/2015,WGS84,17S,CAÑAR,CAÑAR,,GUAYAS,RIO CAÑAR,RIO CAÑAR ALTO,,,SIMPLE,039-2013-SENAGUA-DNCA-STRH
209,DHG_CCAÑ-02,736193,9715710,,EN ESTACION INAMHI EN SAN PEDRO EN PUENTE,RIO SAN PEDRO,CAMPAÑA 1,2013,25/11/2015,WGS84,17S,CAÑAR,CAÑAR,,GUAYAS,RIO CAÑAR,RIO CAÑAR ALTO,,,SIMPLE,039-2013-SENAGUA-DNCA-STRH
210,DHG_CCAÑ-03,692926,9723659,860,EN SECTOR LA DELICIA DESPUES DE DESCARGA HIDROELECTRICA OCAÑA,RIO  CAÑAR - LA DELICIA,CAMPAÑA 1,2013,26/11/2015,WGS84,17S,CAÑAR,CAÑAR,,GUAYAS,RIO CAÑAR,,,,SIMPLE,039-2013-SENAGUA-DNCA-STRH
211,DHG_CCAÑ-04,680579,9718642,,EN ESTACION INAMHI VIA A SHUCAY,RIO PATUL,CAMPAÑA 1,2013,28/11/2015,WGS84,17S,CAÑAR,CAÑAR,,GUAYAS,RIO CAÑAR,RIO CAÑAR MEDIO,,,SIMPLE,039-2013-SENAGUA-DNCA-STRH
212,DHG_CCAÑ-05,655426,9716504,,EN ESTACION INAMHI EN PUERTO INCA,RIO CAÑAR PUERTO - INCA,CAMPAÑA 1,2013,27/11/2015,WGS84,17S,GUAYAS,NARANJAL,,GUAYAS,,,,,SIMPLE,039-2013-SENAGUA-DNCA-STRH
213,DHG_CCAÑ-06,650335,9715376,,EN PUERTO ENVIDIA,RIO CAÑAR - PUERTO ENVICIA,CAMPAÑA 1,2013,27/11/2015,WGS84,17S,GUAYAS,NARANJAL,,GUAYAS,,,,,SIMPLE,039-2013-SENAGUA-DNCA-STRH
214,DHG_CBUL-01,693290,9728027,,EN YANAYACU,RIO BULUBULU - YANAYACU,CAMPAÑA 1,2013,26/11/2015,WGS84,17S,CAÑAR,LA TRONCAL,,GUAYAS,RIO TAURA,RIO BULUBULU,,,SIMPLE,039-2013-SENAGUA-DNCA-STRH
215,DHG_CBUL-02,696468,9741242,,ANTES DE RCTO. SANTA ANA EN PUENTE,RIO DOS BOCAS,CAMPAÑA 1,2013,28/11/2015,WGS84,17S,CAÑAR,CAÑAR,,GUAYAS,,,,,SIMPLE,039-2013-SENAGUA-DNCA-STRH
216,DHG_CBUL-03,684307,9740116,,RCTO. ESTERO CLARO ,ESTERO CLARO,CAMPAÑA 1,2013,28/11/2015,WGS84,17S,CAÑAR,LA TRONCAL,,GUAYAS,,,,,SIMPLE,039-2013-SENAGUA-DNCA-STRH
217,DHG_CBUL-04,651344,9745893,,EN VIA 26 PUERTO INCA,RIO CULEBRA,CAMPAÑA 1,2013,29/11/2015,WGS84,17S,GUAYAS,NARANJAL,,GUAYAS,RIO TAURA,RIO TAURA,,,SIMPLE,039-2013-SENAGUA-DNCA-STRH
218,DHG_CBUL-05,651654,9750634,,EN KM 26,RIO BULUBULU - KM26,CAMPAÑA 1,2013,27/11/2015,WGS84,17S,GUAYAS,NARANJAL,,GUAYAS,,,,,SIMPLE,039-2013-SENAGUA-DNCA-STRH
219,DHG_CBUL-06,638923,9743593,,EN TAURA,RIO BULUBULU - TAURA,CAMPAÑA 1,2013,29/11/2015,WGS84,17S,GUAYAS,NARANJAL,,GUAYAS,,,,,SIMPLE,039-2013-SENAGUA-DNCA-STRH
220,DHN-CNAP-01,873179,10039578,1231,LA SOFIA,RIO COFANES,CAMPAÑA 1,2013,,WGS 84,17 S,SUCUMBIOS,SUCUMBIOS,LA SOFIA,NAPO,RIO AGUARICO ,,497869,UNIDAD HIDROGRAFICA 499869,SIMPLE,014-2013-SENAGUA-DNCA-STRH
221,DHN-CNAP-02,892261,10028356,649,ROSA FLORIDA,RIO CHINGUAL,CAMPAÑA 1,2013,,WGS 84,17 S,SUCUMBIOS,SUCUMBIOS,ROSA FLORIDA,NAPO,RIO AGUARICO ,,497868,CUENCA RIO CHINCUAL,SIMPLE,014-2013-SENAGUA-DNCA-STRH
222,DHN-CNAP-03,917570,10007812,375,,,CAMPAÑA 1,2013,,,17 S,,,,NAPO,,,,,,014-2013-SENAGUA-DNCA-STRH
223,DHN-CNAP-04,945334,10006935,321,,,CAMPAÑA 1,2013,,,17 S,,,,NAPO,,,,,,014-2013-SENAGUA-DNCA-STRH
224,DHN-CNAP-05,967002,10005801,290,,,CAMPAÑA 1,2013,,,17 S,,,,NAPO,,,,,,014-2013-SENAGUA-DNCA-STRH
225,DHN-CNAP-006,985136,9999377,226,PACAYACU,RIO BELLAVISTA,CAMPAÑA 1,2013,23/09/2014,WGS 84,17 S,SUCUMBIOS,LAGO AGRIO,PACAYACU,NAPO,RIO AGUARICO ,,497865,UNIDAD HIDROGRAFICA 497865,SIMPLE,014-2013-SENAGUA-DNCA-STRH
226,DHN-CNAP-007,1021857,9996671,220,,,CAMPAÑA 1,2013,,,17 S,,,,NAPO,,,,,,014-2013-SENAGUA-DNCA-STRH
227,DHN-CNAP-08,817476,9958936,3109,PAPALLACTA,RIO PAPALLACTA,CAMPAÑA 1,2013,10/09/2014,WGS 84,17 S,NAPO,QUIJOS,PAPALLACTA,NAPO,RIO NAPO ,RIO COCA ,497889,UNIDAD HIDROGRAFICA 499889,SIMPLE,014-2013-SENAGUA-DNCA-STRH
228,DHN-CNAP-09,848935,9935754,1921,COSANGA,RIO COSANGA,CAMPAÑA 1,2013,10/09/2014,WGS 84,17 S,NAPO,QUIJOS,COSANGA,NAPO,RIO COCA,,497888,CUENCA RIO CASANGA,SIMPLE,014-2013-SENAGUA-DNCA-STRH
229,DHN-CNAP-10,850315,9950002,1651,BAEZA,RIO QUIJOS SECTOR EL BOTADERO,CAMPAÑA 1,2013,10/09/2014,WGS 84,17 S,NAPO,QUIJOS,BAEZA,NAPO,RIO COCA,,497889,UNIDAD HIDROGRAFICA 499889,SIMPLE,014-2013-SENAGUA-DNCA-STRH
230,DHN-CNAP-11,867113,9978651,1682,SANTA ROSA,RIO SALADO,CAMPAÑA 1,2013,26/09/2014,WGS 84,17 S,NAPO,EL CHACO,SANTA ROSA,NAPO,RIO NAPO ,RIOC COCA,497884,CUENCA RIO SALADO,SIMPLE,014-2013-SENAGUA-DNCA-STRH
231,DHN-CNAP-12,855531,9990402,498,SANTA ROSA,AJ RIO PANA Y RIO TENA,CAMPAÑA 1,2013,11/09/2014,WGS 84,17 S,NAPO,EL CHACO,SANTA ROSA,NAPO,RIO COCA,,497884,CUENCA RIO SALADO,SIMPLE,014-2013-SENAGUA-DNCA-STRH
232,DHN-CNAP-13,886060,9994671,1420,EL REVENTADOR,REVENTADOR DERRAME,CAMPAÑA 1,2013,09/09/2014,WGS 84,17 S,SUCUMBIOS,GONZALO PIZARRO,EL REVENTADOR,NAPO,RIO COCA,,497883,CUENCA RIO QUIJOS,SIMPLE,014-2013-SENAGUA-DNCA-STRH
233,DHN-CNAP-14,944700,9962093,270,SAN SEBASTIAN DEL COCA,RIO COCA,CAMPAÑA 1,2013,09/09/2014,WGS 84,17 S,ORELLANA,LA JOYA DE LOS SACHAS,SAN SEBASTIAN DEL COCA,NAPO,RIO NAPO ,RIO COCA ,497881,UNIDAD HIDROGRAFICA 497881,SIMPLE,014-2013-SENAGUA-DNCA-STRH
234,DHN-CNAP-15,799219,9907269,3549,PANO,RIO CHALUPAS,CAMPAÑA 1,2013,28/11/2014,WGS 84,17 S,NAPO,TENA,PANO,NAPO,RIO NAPO ,RIO NAPO ,497898,CUENCA RIO VERDEYACU,SIMPLE,014-2013-SENAGUA-DNCA-STRH
235,DHN-CNAP-16,806511,9880996,436,TALAG,RIO ANZU,CAMPAÑA 1,2013,13/09/2014,WGS 84,17 S,NAPO,TENA,TALAG,NAPO,RIO NAPO ,RIO NAPO ,497899,UNIDAD HIDROGRAFICA 499899,SIMPLE,014-2013-SENAGUA-DNCA-STRH
236,DHN-CNAP-17,839169,9847948,1025,TENIENTE HUGO ORTIZ,RIO AGUA NEGRA,CAMPAÑA 1,2013,12/09/2014,WGS 84,17 S,PASTAZA,PASTAZA,TENIENTE HUGO ORTIZ,NAPO,RIO NAPO ,RIO NAPO ,497895,UNIDAD HIDROGRAFICA 497895,SIMPLE,014-2013-SENAGUA-DNCA-STRH
237,DHN-CNAP-18,849304,9844989,932,DIEZ DE AGOSTO,RIO ARAJURO,CAMPAÑA 1,2013,13/09/2014,WGS 84,17 S,PASTAZA,PASTAZA,DIEZ DE AGOSTO,NAPO,RIO NAPO ,RIO NAPO ,497895,UNIDAD HIDROGRAFICA 497895,SIMPLE,014-2013-SENAGUA-DNCA-STRH
238,DHN-CNAP-19,847221,9880284,483,TALAG,RIO JATUNYACU,CAMPAÑA 1,2013,12/09/2014,WGS 84,17 S,NAPO,TENA,TALAG,NAPO,RIO NAPO ,RIO NAPO ,497897,CUENCA RIO JATUNYACU,SIMPLE,014-2013-SENAGUA-DNCA-STRH
239,DHN-CNAP-20,861759,9895133,503,SAN PABLO DE USHPAYACU,RIO HOLLIN,CAMPAÑA 1,2013,11/09/2014,WGS 84,17 S,NAPO,ARCHIDONA,SAN PABLO DE USHPAYACU,NAPO,RIO NAPO ,,497896,CUENCA RIO MISAHUALLI,SIMPLE,014-2013-SENAGUA-DNCA-STRH
240,DHN-CNAP-21,871036,9885211,412,PUERTO MISAHUALLI,RIO NAPO SECTOR PUENTE MISAHUALLI,CAMPAÑA 1,2013,11/09/2014,WGS 84,17 S,NAPO,TENA,PUERTO MISAHUALLI,NAPO,RIO NAPO ,RIO NAPO ,497897,CUENCA RIO JATUNYACU,SIMPLE,014-2013-SENAGUA-DNCA-STRH
241,DHN-CNAP-22,988829,9960891,265,LIMONCOCHA,RIO BLANCO,CAMPAÑA 1,2013,13/09/2014,WGS 84,17 S,SUCUMBIOS,SHUSHUFINDI,LIMONCOCHA,NAPO,RIO NAPO ,RIO NAPO ,497877,UNIDAD HIDROGRAFICA 497877,SIMPLE,014-2013-SENAGUA-DNCA-STRH
242,DHN-CSMP-01,956160,10027205,273,,RIO SAN MIGUEL SECTOR BALASTRERA,CAMPAÑA 1,2013,13/11/2014,WGS 84,17 S,,,,NAPO,RIO NAPO ,RIO NAPO ,,,SIMPLE,014-2013-SENAGUA-DNCA-STRH
243,DHN-CSMP-02,967018,10015930,207,GENERAL FARFAN,RIO PUÑUÑA,CAMPAÑA 1,2013,14/11/2014,WGS 84,17 S,SUCUMBIOS,LAGO AGRIO,GENERAL FARFAN,NAPO,RIO SAN MIGUEL ,,497496,CUENCA RIO SAN MIGUEL,SIMPLE,014-2013-SENAGUA-DNCA-STRH
244,DHN-CSMP-03,1001483,10026494,262,,RIO SAN MIGUEL,CAMPAÑA 1,2013,13/11/2014,WGS 84,17 S,,,,NAPO,,DRENAJES AL ESTERO SALADO ,,,SIMPLE,014-2013-SENAGUA-DNCA-STRH
245,DHN-CSMP-04,1027618,10045638,241,SANTA ELENA,RIO WUSUYA,CAMPAÑA 1,2013,26/09/2014,WGS 84,17 S,SUCUMBIOS,PUTUMAYO,SANTA ELENA,NAPO,RIO SAN MIGUEL ,,497487,UNIDAD HIDROGRAFICA 497487,SIMPLE,014-2013-SENAGUA-DNCA-STRH
246,DHN-CSMP-05,1045351,10014595,230,PALMA ROJA,RIO TACE,CAMPAÑA 1,2013,25/09/2014,WGS 84,17 S,SUCUMBIOS,PUTUMAYO,PALMA ROJA,NAPO,RIO SAN MIGUEL ,,497496,CUENCA RIO SAN MIGUEL,SIMPLE,014-2013-SENAGUA-DNCA-STRH
247,DHN-CSMP-06,1068521,10011176,260,PUERTO EL CARMEN DEL PUTUMAYO,RIO SAN MIGUEL,CAMPAÑA 1,2013,14/11/2014,WGS 84,17 S,SUCUMBIOS,PUTUMAYO,PUERTO EL CARMEN DEL PUTUMAYO,NAPO,,DRENAJES AL ESTERO SALADO ,497496,CUENCA RIO SAN MIGUEL,SIMPLE,014-2013-SENAGUA-DNCA-STRH
248,DHN-CSMP-07,1078012,10005696,182,PUERTO EL CARMEN DEL PUTUMAYO,RIO PAPAYA GRANDE,CAMPAÑA 1,2013,14/11/2014,WGS 84,17 S,SUCUMBIOS,PUTUMAYO,PUERTO EL CARMEN DEL PUTUMAYO,NAPO,,,497495,UNIDAD HIDROGRAFICA 497495,SIMPLE,014-2013-SENAGUA-DNCA-STRH
249,DHPC-SA-02,613656,9554060,1054,MERCADILLO,MATALANGA,CAMPAÑA 1,2013,05/09/2013,WGS84,17S,LOJA,PUYANGO,ALAMOR,PUYANGO_CATAMAYO,CATAMAYO,RIO ALAMOR,13849,UNIDAD HIDROGRAFICA 13849,SIMPLE,012-2013-SENAGUA-DNCA-STRH
250,DHPC-SA-03,589045,9529340,247,SAUCILLO,ALAMOR,CAMPAÑA 1,2013,05/09/2013,WGS84,17S,LOJA,CELICA,SABANILLA,PUYANGO_CATAMAYO,CATAMAYO,RIO ALAMOR,13847,UNIDAD HIDROGRAFICA 13847,SIMPLE,012-2013-SENAGUA-DNCA-STRH
251,DHPC-SA-04,566679,9505503,124,PTE INTERNACIONAL LALAMOR,ALAMOR,CAMPAÑA 1,2013,05/09/2013,WGS84,17S,LOJA,ZAPOTILLO,ZAPOTILLO,PUYANGO_CATAMAYO,CATAMAYO,RIO ALAMOR,13841,UNIDAD HIDROGRAFICA 13841,SIMPLE,012-2013-SENAGUA-DNCA-STRH
252,DHPC-SC-01,680539,9583742,2342,PUENTE GUALEL,GUALEL,CAMPAÑA 1,2013,06/09/2013,WGS84,17S,LOJA,LOJA,GUALEL,PUYANGO_CATAMAYO,CATAMAYO,RIO CATAMAYO,13898,CUENCA RIO GUALEL,SIMPLE,012-2013-SENAGUA-DNCA-STRH
253,DHPC-SC-03,691834,9524270,1491,MOYOCOCHA,PISCOBAMBA,CAMPAÑA 1,2013,02/09/2013,WGS84,17S,LOJA,LOJA,VILCABAMBA (VICTORIA),PUYANGO_CATAMAYO,CATAMAYO,RIO CATAMAYO,13899,UNIDAD HIDROGRAFICA 13899,SIMPLE,012-2013-SENAGUA-DNCA-STRH
254,DHPC-SC-04,680354,9551337,1163,EL ARENAL,CATAMAYO,CAMPAÑA 1,2013,05/09/2013,WGS84,17S,LOJA,CATAMAYO,EL TAMBO,PUYANGO_CATAMAYO,CATAMAYO,RIO CATAMAYO,13899,UNIDAD HIDROGRAFICA 13899,SIMPLE,012-2013-SENAGUA-DNCA-STRH
255,DHPC-SC-05,677742,9556580,1155,GUAYABAL,GUAYABAL,CAMPAÑA 1,2013,02/09/2013,WGS84,17S,LOJA,CATAMAYO,SAN PEDRO DE LA BENDITA,PUYANGO_CATAMAYO,CATAMAYO,RIO CATAMAYO,13897,UNIDAD HIDROGRAFICA 13897,SIMPLE,012-2013-SENAGUA-DNCA-STRH
256,DHPC-SC-07,663712,9551907,1011,SAN VICENTE,CATAMAYO,CAMPAÑA 1,2013,03/09/2013,WGS84,17S,LOJA,PALTAS,CATACOCHA,PUYANGO_CATAMAYO,CATAMAYO,RIO CATAMAYO,13897,UNIDAD HIDROGRAFICA 13897,SIMPLE,012-2013-SENAGUA-DNCA-STRH
257,DHPC-SM-04,599029,9527693,,VICIN,CATAMAYO,CAMPAÑA 1,2013,04/09/2013,WGS84,17S,LOJA,CELICA,SABANILLA,PUYANGO_CATAMAYO,CATAMAYO,RIO CATAMAYO,13891,UNIDAD HIDROGRAFICA 13891,SIMPLE,012-2013-SENAGUA-DNCA-STRH
258,DHPC-SC-11,696525,9516296,1691,BT LA PALMIRA,AGUACOLLAS,CAMPAÑA 1,2013,06/09/2013,WGS84,17S,LOJA,LOJA,QUINARA,PUYANGO_CATAMAYO,CATAMAYO,RIO CATAMAYO,13899,UNIDAD HIDROGRAFICA 13899,SIMPLE,012-2013-SENAGUA-DNCA-STRH
259,DHPC-SM-01,672439,9512681,1119,LUCERO,PINDO,CAMPAÑA 1,2013,10/09/2013,WGS84,17S,LOJA,ESPINDOLA,EL INGENIO,PUYANGO_CATAMAYO,CATAMAYO,RIO MACARA,13899,UNIDAD HIDROGRAFICA 13889,SIMPLE,012-2013-SENAGUA-DNCA-STRH
260,DHPC-SM-02,657592,9503851,906,PUERTO REMOLINO,CALVAS,CAMPAÑA 1,2013,11/09/2013,WGS84,17S,LOJA,CALVAS,USAIME,PUYANGO_CATAMAYO,CATAMAYO,RIO MACARA,,,SIMPLE,012-2013-SENAGUA-DNCA-STRH
261,DHPC-SM-03,628987,9505901,533,BT CANAL MACARA,MACARA,CAMPAÑA 1,2013,03/09/2013,WGS84,17S,LOJA,MACARA,la victoria,PUYANGO_CATAMAYO,CATAMAYO,RIO MACARA,,,SIMPLE,012-2013-SENAGUA-DNCA-STRH
262,DHPC-SC-10,615275,9514291,393,PUENTE INTERNACIONAL MACARA,MACARA,CAMPAÑA 1,2013,04/09/2013,WGS84,17S,LOJA,MACARA,MACARA,PUYANGO_CATAMAYO,CATAMAYO,RIO MACARA,13881,UNIDAD HIDROGRAFICA 13881,SIMPLE,012-2013-SENAGUA-DNCA-STRH
263,DHPC-SM-05,595502,9526165,263,MACARA,MACARA,CAMPAÑA 1,2013,04/09/2013,WGS84,17S,LOJA,MACARA,MACARA,PUYANGO_CATAMAYO,CATAMAYO,RIO MACARA,13881,UNIDAD HIDROGRAFICA 13881,SIMPLE,012-2013-SENAGUA-DNCA-STRH
264,DHPC-SM-06,672624,9481636,2700,JIMBURA,ESPINDOLA,CAMPAÑA 1,2013,10/09/2013,WGS84,17S,LOJA,ESPINDOLA,JIMBURA,PUYANGO_CATAMAYO,CATAMAYO,RIO MACARA,13888,CUENCA RIO ESPINDOLA,SIMPLE,012-2013-SENAGUA-DNCA-STRH
265,DHPC-SM-07,674765,9493518,1701,AMALUZA,JORUPE,CAMPAÑA 1,2013,10/09/2013,WGS84,17S,LOJA,ESPINDOLA,AMALUZA,PUYANGO_CATAMAYO,CATAMAYO,RIO MACARA,13888,CUENCA RIO ESPINDOLA,SIMPLE,012-2013-SENAGUA-DNCA-STRH
266,DHPC-RCH-01,584107,9514793,170,ZAPOTILLO,CHIRA,CAMPAÑA 1,2013,04/09/2013,WGS84,17S,LOJA,ZAPOTILLO,QUIROZ,PUYANGO_CATAMAYO,CATAMAYO,RIO ALAMOR,,,SIMPLE,012-2013-SENAGUA-DNCA-STRH
267,DHJ-CARE-01,637976,9594827,,SECTOR JOCOTOCO EN LA VIA,CHORRO BIRINGO ,CAMPAÑA 1,2013,10/07/2013,WGS84,17 S,EL ORO,PIÑAS,MOROMORO (CAB. EN EL VADO),JUBONES,RIO ARENILLAS,RIO ARENILLAS,13938,CUENCA RIO SANTA ROSA,SIMPLE, 002-2013-SENAGUA-DNCA-STRH
268,DHJ-CARE-02,623588,9589856,,SECTOR LA PRIMAVERA,QUEBRADA LA PRIMAVERA,CAMPAÑA 1,2013,10/07/2013,WGS84,17 S,EL ORO,PIÑAS,LA BOCANA,JUBONES,RIO ARENILLAS,RIO ARENILLAS,13938,CUENCA RIO SANTA ROSA,SIMPLE, 002-2013-SENAGUA-DNCA-STRH
269,DHJ-CARE-03,620028,9597825,,SECTOR PIEDRAS ANTES DE LA ENTRADA AL EMBALSE TAHUIN.,RIO ARENILLAS COLA EMBALSE ,CAMPAÑA 1,2013,10/07/2013,WGS84,17 S,EL ORO,PIÑAS,PIEDRAS,JUBONES,RIO ARENILLAS,RIO ARENILLAS,13938,CUENCA RIO SANTA ROSA,SIMPLE, 002-2013-SENAGUA-DNCA-STRH
270,DHJ-CARE-04,610330,9599048,,SITIO A LA SALIDA DEL EMBALSE,RIO ARENILLAS SALIDA DEL EMBALSE TAHUI,CAMPAÑA 1,2013,10/07/2013,WGS84,17 S,EL ORO,ARENILLAS,ARENILLAS,JUBONES,RIO ARENILLAS,RIO ARENILLAS,13938,CUENCA RIO SANTA ROSA,SIMPLE, 002-2013-SENAGUA-DNCA-STRH
271,DHJ-CARE-05,609058,9618637,,SECTOR PUENTE EL CHECO,RIO ARENILLAS PUENTE DEL CHECO ,CAMPAÑA 1,2013,10/07/2013,WGS84,17 S,EL ORO,SANTA ROSA,SANTA ROSA,JUBONES,RIO ARENILLAS,RIO ARENILLAS,13938,CUENCA RIO SANTA ROSA,SIMPLE, 002-2013-SENAGUA-DNCA-STRH
272,DHJ-CSR-01,629440,9603165,,SECTOR EL SABAYAN,RIO SANTA ROSA (BLANCO),CAMPAÑA 1,2013,11/07/2013,WGS84,17 S,EL ORO,SANTA ROSA,TORATA,JUBONES,RIO SANTA ROSA,RIO SANTA ROSA,13938,CUENCA RIO SANTA ROSA,SIMPLE, 002-2013-SENAGUA-DNCA-STRH
273,DHJ-CSR-02,626507,9602953,,SECTOR EL GUAYABO,QUEBRADA EL PANTEON,CAMPAÑA 1,2013,11/07/2013,WGS84,17 S,EL ORO,SANTA ROSA,TORATA,JUBONES,RIO SANTA ROSA,RIO SANTA ROSA,13938,CUENCA RIO SANTA ROSA,SIMPLE,002-2013-SENAGUA-DNCA-STRH
274,DHJ-CSR-03,617058,9606612,,SECTOR EL VADO,RIO SANTA ROSA EL VADO ,CAMPAÑA 1,2013,11/07/2013,WGS84,17 S,EL ORO,SANTA ROSA,LA AVANZADA,JUBONES,RIO SANTA ROSA,RIO SANTA ROSA,13938,CUENCA RIO SANTA ROSA,SIMPLE, 002-2013-SENAGUA-DNCA-STRH
275,DHJ-CSR-04,616345,9618307,,SECTOR BARRIO MI ROSITA,RIO SANTA ROSA ( FINAL),CAMPAÑA 1,2013,11/07/2013,WGS84,17 S,EL ORO,SANTA ROSA,SANTA ROSA,JUBONES,RIO SANTA ROSA,RIO SANTA ROSA,13938,CUENCA RIO SANTA ROSA,SIMPLE, 002-2013-SENAGUA-DNCA-STRH
276,DHJ-CSR-9,637350,9616418,,SECTOR DOS BOCAS,RIO DUMARI (BLANCO),CAMPAÑA 1,2013,11/07/2013,WGS84,17 S,EL ORO,SANTA ROSA,VICTORIA,JUBONES,RIO SANTA ROSA,RIO SANTA ROSA,13938,CUENCA RIO SANTA ROSA,SIMPLE, 002-2013-SENAGUA-DNCA-STRH
277,DHJ-CSR-10,628580,9627928,,SECTOR BARRIO LA GUABITA,RIO BUENAVISTA ( FINAL ) ,CAMPAÑA 1,2013,12/07/2013,WGS84,17 S,EL ORO,SANTA ROSA,VICTORIA,JUBONES,RIO BUENAVISTA,RIO BUENAVISTA  (SUBCUENCA RIO BUENAVISTA CUENCA SANTA ROSA),13938,CUENCA RIO SANTA ROSA,SIMPLE, 002-2013-SENAGUA-DNCA-STRH
278,DHJ-CSR-06,630814,9611260,,SECTOR VALLE HERMOSO,RIO BIRON,CAMPAÑA 1,2013,12/07/2013,WGS84,17 S,EL ORO,SANTA ROSA,BELLAMARIA,JUBONES,RIO SANTA ROSA,RIO SANTA ROSA,13938,CUENCA RIO SANTA ROSA,SIMPLE, 002-2013-SENAGUA-DNCA-STRH
279,DHJ-CSR-08,616554,9620583,,SECTOR EL QUEMADO,RIO CALUGURO (FINAL),CAMPAÑA 1,2013,12/07/2013,WGS84,17 S,EL ORO,SANTA ROSA,SANTA ROSA,JUBONES,RIO BUENAVISTA,RIO CALUGURO,13938,CUENCA RIO SANTA ROSA,SIMPLE, 002-2013-SENAGUA-DNCA-STRH
280,DHJ-CSR-07,626294,9613372,,SECTOR BELLA MARIA,RIO CALUGURO,CAMPAÑA 1,2013,12/07/2013,WGS84,17 S,EL ORO,SANTA ROSA,BELLAMARIA,JUBONES,RIO BUENAVISTA,RIO CALUGURO,13938,CUENCA RIO SANTA ROSA,SIMPLE, 002-2013-SENAGUA-DNCA-STRH
281,DHJ-CSR-05,614899,9620254,,SECTOR EL QUEMADO SITIO PTE. EL PITAL,RIO SANTA ROSA FINAL. EL PITAL,CAMPAÑA 1,2013,12/07/2013,WGS84,17 S,EL ORO,MACHALA,EL RETIRO,JUBONES,RIO SANTA ROSA,RIO SANTA ROSA,13938,CUENCA RIO SANTA ROSA,SIMPLE, 002-2013-SENAGUA-DNCA-STRH
282,BEP-Z-EC-01,590452,9596850,,SECTOR LA PRESA,RIO ZARUMILLA,CAMPAÑA 1,2013,10/09/2013,WGS84,17 S,EL ORO,ARENILLAS,CARCABON,JUBONES,RIO ZARUMILLA,RIO ZARUMILLA,13934,CUENCA QUEBRADA PALMALES,SIMPLE, 015-2013-SENAGUA-DNCA-STRH
283,BEP-Z-EC-02,590794,9595801,,SECTOR QUEBRADA SECA,QUEBRADA PALMALES,CAMPAÑA 1,2013,10/09/2013,WGS84,17 S,EL ORO,ARENILLAS,CARCABON,JUBONES,RIO ZARUMILLA,RIO ZARUMILLA,13934,CUENCA QUEBRADA PALMALES,SIMPLE, 015-2013-SENAGUA-DNCA-STRH
284,BEP-Z-EC-05-2013,596341,9593239,,SECTOR EL PROGRESO,QUEBRADA CHIQUITA,CAMPAÑA 1,2013,10/09/2013,WGS84,17 S,EL ORO,ARENILLAS,PALMALES,JUBONES,RIO ZARUMILLA,RIO ZARUMILLA,13934,CUENCA QUEBRADA PALMALES,SIMPLE,015-2013-SENAGUA-DNCA-STRH
285,BEP-Z-EC-04,610615,9586410,,SECTOR SAN ISIDRO,QUEBRADA EL OSO,CAMPAÑA 1,2013,10/09/2013,WGS84,17 S,EL ORO,LAS LAJAS,SAN ISIDRO,JUBONES,RIO ZARUMILLA,RIO ZARUMILLA,13934,CUENCA QUEBRADA PALMALES,SIMPLE, 015-2013-SENAGUA-DNCA-STRH
286,BEP-Z-EC-03,602558,9579519,,SECTOR PLATANILLO,RIO LAS LAJAS,CAMPAÑA 1,2013,10/09/2013,WGS84,17 S,EL ORO,LAS LAJAS,LA VICTORIA,JUBONES,RIO ZARUMILLA,RIO ZARUMILLA,13934,CUENCA QUEBRADA PALMALES,SIMPLE, 015-2013-SENAGUA-DNCA-STRH
287,DHJ-CJUB-07,653694,9632404,246,SECTOR UZHCURRUMI,RIO JUBONES MEDIO,CAMPAÑA 1,2013,11/09/2013,WGS84,17 S,EL ORO,PASAJE,UZHCURRUMI,JUBONES,RIO JUBONES ,RIO JUBONES MEDIO,13943,UNIDAD HIDROGRAFICA 13943,SIMPLE, 015-2013-SENAGUA-DNCA-STRH
288,DHJ-CJUB-05,689339,9633063,,SECTOR SULUPALI,RIO RIRCAY,CAMPAÑA 1,2013,11/09/2013,WGS84,17 S,AZUAY,SANTA ISABEL,SANTA ISABEL (CHAGUARURCO),JUBONES,RIO RIRCAY,RIO RIRCAY,13946,CUENCA RIO RIRCAY,SIMPLE, 015-2013-SENAGUA-DNCA-STRH
289,DHJ-CJUB-04,703772,9653383,,SECTOR HOSTERIA EL CHORRO DE GIRON,QUEBRADA EL CHORRO,CAMPAÑA 1,2013,11/09/2013,WGS84,17 S,AZUAY,GIRON,GIRON,JUBONES,RIO RIRCAY,RIO RIRCAY,13946,CUENCA RIO RIRCAY,SIMPLE, 015-2013-SENAGUA-DNCA-STRH
290,DHJ-CJUB-01,698598,9599857,,VIA SARAGURO EL EL PUENTE CARRETERO,RIO PAQUISHAPA,CAMPAÑA 1,2013,12/09/2013,WGS84,17 S,LOJA,SARAGURO,SARAGURO,JUBONES,RIO JUBONES,RIO LEON,13948,CUENCA RIO NARANJO,SIMPLE, 015-2013-SENAGUA-DNCA-STRH
291,DHJ-CJUB-03,721878,9637610,,SECTOR MANZANAPAMBA,RIO LEON (BLANCO),CAMPAÑA 1,2013,12/09/2013,WGS84,17 S,AZUAY,NABON,NABON,JUBONES,RIO LEON,RIO LEON,13949,UNIDAD HIDROGRAFICA 13949,SIMPLE, 015-2013-SENAGUA-DNCA-STRH
292,DHJ-CJUB-02,707162,9602878,,VIA URDANETA,RIO QUINGUEADO,CAMPAÑA 1,2013,12/09/2013,WGS84,17 S,AZUAY,NABON,NABON,JUBONES,RIO LEON,RIO LEON,13949,UNIDAD HIDROGRAFICA 13949,SIMPLE, 015-2013-SENAGUA-DNCA-STRH
293,DHJ-CJUB-06,665932,9633827,,SECTOR SAN SEBASTIAN,RIO JUBONES   ,CAMPAÑA 1,2013,13/09/2013,WGS84,17 S,EL ORO,ZARUMA,ABAÑIN,JUBONES,RIO JUBONES,RIO JUBONES,13943,UNIDAD HIDROGRAFICA 13943,SIMPLE, 015-2013-SENAGUA-DNCA-STRH
294,DHJ-CJUB-08,644002,9631033,,SECTOR CASACAY,RIO CASACAY,CAMPAÑA 1,2013,13/09/2013,WGS84,17 S,EL ORO,PASAJE,CASACAY,JUBONES,BAJO JUBONES,RIO CASACAY,13942,CUENCA RIO CASACAY,SIMPLE, 015-2013-SENAGUA-DNCA-STRH
295,DHJ-CMOT-01,639328,9625933,,SECTOR AGUA DULCE,RIO PALENQUE,CAMPAÑA 1,2013,13/09/2013,WGS84,17 S,EL ORO,PASAJE,PASAJE,JUBONES,BAJO JUBONES,BAJO JUBONES,13939,UNIDAD HIDROGRAFICA 13939,SIMPLE, 015-2013-SENAGUA-DNCA-STRH
296,DHJ-CMOT-02,623391,9629277,,EN PUENTE CARRETERO,RIO MOTUCHE,CAMPAÑA 1,2013,13/09/2013,WGS84,17 S,EL ORO,PASAJE,BUENAVISTA,JUBONES,ESTERO MOTUCHE,ESTERO MOTUCHE,13939,UNIDAD HIDROGRAFICA 13939,SIMPLE, 015-2013-SENAGUA-DNCA-STRH
297,DHJ-CJUB-09,625294,9639843,,EN PUENTE CARRETERO SECTOR IBERIA,RIO JUBONES (FINAL),CAMPAÑA 1,2013,13/09/2013,WGS84,17 S,EL ORO,PASAJE,BUENAVISTA,JUBONES,RIO JUBONES,RIO JUBONES,13939,UNIDAD HIDROGRAFICA 13939,SIMPLE, 015-2013-SENAGUA-DNCA-STRH
298,DHJ-CCHA-01,645371,9639405,463,HACIENDA CERRO AZUL. CAPTACION JULIA TORRES,RIO CHAGUANA,CAMPAÑA 1,2013,21/10/2013,WGS84,17 S,EL ORO,PASAJE,PROGRESO,JUBONES,RIO PAGUA,RIO PAGUA,13952,CUENCA RIO ZAPOTE,SIMPLE, 023-2013-SENAGUA-DNCA-STRH
299,DHJ-CCHA-02,630856,9653049,2,EN HACIENDA AURSURSA,RIO CHAGUANA,CAMPAÑA 1,2013,21/10/2013,WGS84,17 S,EL ORO,EL GUABO,TENDALES (CAB. EN PUERTO TENDALES),JUBONES,RIO PAGUA,RIO PAGUA,13952,CUENCA RIO ZAPOTE,SIMPLE, 023-2013-SENAGUA-DNCA-STRH
300,DHJ-CPAG-01,642198,9655150,148,EN HACIENDA DE ANDRES MACHUCA,RIO PAGUA,CAMPAÑA 1,2013,21/10/2013,WGS84,17 S,EL ORO,EL GUABO,RIO BONITO,JUBONES,RIO PAGUA,RIO PAGUA,13953,UNIDAD HIDROGRAFICA 13953,SIMPLE,023-2013-SENAGUA-DNCA-STRH
301,DHJ-CPAG-02,634879,9660543,1,SITIO PAGUA VIEJO,RIO PAGUA,CAMPAÑA 1,2013,21/10/2013,WGS84,17 S,EL ORO,EL GUABO,RIO BONITO,JUBONES,RIO PAGUA,RIO PAGUA,13954,CUENCA RIO TENGUEL,SIMPLE, 023-2013-SENAGUA-DNCA-STRH
302,DHJ-CSIETE-01,650492,9653934,978,LOS RIOS,RIO MARGARITA,CAMPAÑA 1,2013,22/10/2013,WGS84,17 S,EL ORO,EL GUABO,RIO BONITO,JUBONES,,,13954,CUENCA RIO TENGUEL,SIMPLE,023-2013-SENAGUA-DNCA-STRH
303,DHJ-CSIETE-02,636500,9661440,3,SITIO EL PEDREGAL,RIO SIETE,CAMPAÑA 1,2013,22/10/2013,WGS84,17 S,EL ORO,EL GUABO,RIO BONITO,JUBONES,RIO SIETE,RIO SIETE,13954,CUENCA RIO TENGUEL,SIMPLE,023-2013-SENAGUA-DNCA-STRH
304,DHJ-CFERMIN-01,637643,9661353,2,SITIO EL PEDREGAL. RIO FERMIN DJ RIO GUANACHE,RIO FERMIN,CAMPAÑA 1,2013,22/10/2013,WGS84,17 S,GUAYAS,GUAYAQUIL,TENGUEL,JUBONES,RIO TENGUEL,RIO TENGUEL,13954,CUENCA RIO TENGUEL,SIMPLE, 023-2013-SENAGUA-DNCA-STRH
305,DHJ-CTE-02,633006,9668503,3,SECTOR EN BANANERA QUE COLINDA CON CAMARONERA. VIA PTO. CONCHERO,RIO TENGUEL (FINAL),CAMPAÑA 1,2013,22/10/2013,WGS84,17 S,GUAYAS,GUAYAQUIL,TENGUEL,JUBONES,RIO TENGUEL,RIO TENGUEL,13954,CUENCA RIO TENGUEL,SIMPLE, 023-2013-SENAGUA-DNCA-STRH
306,DHJ-CTE-01,645632,9662342,5,SECTOR SANTA MARTA,RIO TENGUEL,CAMPAÑA 1,2013,22/10/2013,WGS84,17 S,GUAYAS,GUAYAQUIL,TENGUEL,JUBONES,RIO TENGUEL,RIO TENGUEL,13954,CUENCA RIO TENGUEL,SIMPLE, 023-2013-SENAGUA-DNCA-STRH
307,DHJ-CGAL-02,657617,9664998,719,SECTOR SAN JACINTO DE IÑAN,RIO TENGUELILLO,CAMPAÑA 1,2013,23/10/2013,WGS84,17 S,AZUAY,CAMILO PONCE ENRIQUEZ,CAMILO PONCE ENRIQUEZ,JUBONES,,,13954,CUENCA RIO TENGUEL,SIMPLE, 023-2013-SENAGUA-DNCA-STRH
308,DHJ-CGAL-01,653050,9662317,1544,SECTOR SAN GERARDO,RIO PINGLIO,CAMPAÑA 1,2013,23/10/2013,WGS84,17 S,AZUAY,CAMILO PONCE ENRIQUEZ,CAMILO PONCE ENRIQUEZ,JUBONES,,,13954,CUENCA RIO TENGUEL,SIMPLE, 023-2013-SENAGUA-DNCA-STRH
309,DHJ-CGAL-03,641309,9669890,31,PUENTE CARRETERO,RIO CHICO,CAMPAÑA 1,2013,23/10/2013,WGS84,17 S,GUAYAS,GUAYAQUIL,TENGUEL,JUBONES,,,13954,CUENCA RIO TENGUEL,SIMPLE, 023-2013-SENAGUA-DNCA-STRH
310,DHJ-CGAL-04,636456,9671774,4,SECTOR SAN RAFAEL,RIO GALA,CAMPAÑA 1,2013,23/10/2013,WGS84,17 S,GUAYAS,SAN JACINTO DE YAGUACHI,SAN JACINTO DE YAGUACHI,JUBONES,RIO GALA,RIO GALA,,,SIMPLE, 023-2013-SENAGUA-DNCA-STRH
311,DHJ-CBA-02,630563,9679040,0,SECTOR PUERTO BALAO,RIO BALAO,CAMPAÑA 1,2013,23/10/2013,WGS84,17 S,GUAYAS,BALAO,BALAO,JUBONES,RIO BALAO,RIO BALAO,13956,CUENCA RIO BALAO,SIMPLE, 023-2013-SENAGUA-DNCA-STRH
312,DHJ-CBA-01,665785,9680040,679,SECTOR IBERIA. SITIO LA PLAYA,RIO CHAUCHA,CAMPAÑA 1,2013,24/10/2013,WGS84,17 S,AZUAY,CAMILO PONCE ENRIQUEZ,EL CARMEN DE PIJILI,JUBONES,,,13956,CUENCA RIO BALAO,SIMPLE, 023-2013-SENAGUA-DNCA-STRH
313,DHJ-CJA-01 ,654603,9686206,162,SECTOR LUZ Y GUIA,RIO FRIO,CAMPAÑA 1,2013,24/10/2013,WGS84,17 S,AZUAY,CAMILO PONCE ENRIQUEZ,EL CARMEN DE PIJILI,JUBONES,,,13956,CUENCA RIO BALAO,SIMPLE, 023-2013-SENAGUA-DNCA-STRH
314,DHJ-CJA-02,641300,9688429,15,SECTOR SANTA KARLA,RIO JAGUA,CAMPAÑA 1,2013,24/10/2013,WGS84,17 S,GUAYAS,BALAO,BALAO,JUBONES,RIO JAGUA,RIO JAGUA,13956,CUENCA RIO BALAO,SIMPLE, 023-2013-SENAGUA-DNCA-STRH
315,DHJ-CSP-01 ,652633,9694844,180,SECTOR SAN MIGUEL DE AZUAY,RIO CAÑAYACU,CAMPAÑA 1,2013,24/10/2013,WGS84,17 S,,,,JUBONES,,,,,SIMPLE, 023-2013-SENAGUA-DNCA-STRH
316,DHJ-CSP-02,645327,9700749,8,SECTOR COOP. 10 DE ENERO,RIO SAN PABLO,CAMPAÑA 1,2013,24/10/2013,WGS84,17 S,GUAYAS,NARANJAL,NARANJAL,JUBONES,RIO SAN PABLO,RIO SAN PABLO,13958,CUENCA RIO SAN PABLO,SIMPLE, 023-2013-SENAGUA-DNCA-STRH
317,DHJ-CNA-01,668190,9709284,223,SECTOR AGUAS CALIENTES,RIO TIXAY,CAMPAÑA 1,2013,25/10/2013,WGS84,17 S,GUAYAS,NARANJAL,JESUS MARIA,JUBONES,,,13964,CUENCA RIO GRAMALOTAL,SIMPLE, 023-2013-SENAGUA-DNCA-STRH
318,DHJ-CNA-02,647525,9708333,7,SECTOR SANTA ROSA DE FLANDES,RIO NARANJAL,CAMPAÑA 1,2013,25/10/2013,WGS84,17 S,GUAYAS,NARANJAL,SANTA ROSA DE FLANDES,JUBONES,RIO NARANJAL,RIO NARANJAL,13958,CUENCA RIO SAN PABLO,SIMPLE, 023-2013-SENAGUA-DNCA-STRH
319,DHJ-CBU-02,645663,9707533,0,SECTOR HDA. FATIMA,RIO BUCAY,CAMPAÑA 1,2013,25/10/2013,WGS84,17 S,GUAYAS,NARANJAL,NARANJAL,JUBONES,RIO NARANJAL,RIO NARANJAL,13958,CUENCA RIO SAN PABLO,SIMPLE, 023-2013-SENAGUA-DNCA-STRH
320,DHJ-CBU-01,656960,9701882,69,SECTOR VIA 11 DE AGOSTO. CAP. AGUA POTABLE,RIO BUCAY,CAMPAÑA 1,2013,25/10/2013,WGS84,17 S,GUAYAS,NARANJAL,NARANJAL,JUBONES,RIO NARANJAL,RIO NARANJAL,13958,CUENCA RIO SAN PABLO,SIMPLE, 023-2013-SENAGUA-DNCA-STRH
321,DHP-SCUT-01,770528,9923293,3181,SECTOR MULALO ENTRADA AL COTOPAXI. ,RIO CUTUCHI,CAMPAÑA 1,2013,22/07/2013,WGS84,17 S,COTOPAXI,LATACUNGA,MULALO,PASTAZA,RIO PASTAZA,RIO CUTUCHI,499699,UNIDAD HIDROGRAFICA 499699,SIMPLE,003-2013-SENAGUA-DNCA-STRH
322,DHP-SCUT-02,751585,9917408,3432,SECTO PUCAHUAICO ,QUEBRADA PUCAHUYCO,CAMPAÑA 1,2013,22/07/2013,WGS84,17 S,COTOPAXI,LATACUNGA,TOACASO,PASTAZA,RIO PASTAZA,RIO CUTUCHI,499698,CUENCA RIO PUMACUNCHI,SIMPLE,003-2013-SENAGUA-DNCA-STRH
323,DHP-SCUT-07,765092,9895456,2746,EN LA BOCATOMA DEL CANAL LATACUNGA SALCEDO AMBATO,RIO PUMACUNCHI,CAMPAÑA 1,2013,22/07/2013,WGS84,17 S,COTOPAXI,LATACUNGA,LATACUNGA,PASTAZA,RIO PASTAZA,RIO CUTUCHI,499697,UNIDAD HIDROGRAFICA 499697,SIMPLE,003-2013-SENAGUA-DNCA-STRH
324,DHP-SCUT-06,765455,9895741,2743,EN LA BOCATOMA DEL CANAL LATACUNGA SALCEDO AMBATO,RIO CUTUCHI,CAMPAÑA 1,2013,22/07/2013,WGS84,17 S,COTOPAXI,LATACUNGA,LATACUNGA,PASTAZA,RIO PASTAZA,RIO CUTUCHI,499697,UNIDAD HIDROGRAFICA 499697,SIMPLE,003-2013-SENAGUA-DNCA-STRH
325,DHP-SCUT-04,763181,9903432,2846,EN EL PUENTE VIA SAQUISILI,RIO PUMACUNCHI,CAMPAÑA 1,2013,22/07/2013,WGS84,17 S,COTOPAXI,LATACUNGA,GUAITACAMA (GUAYTACAMA),PASTAZA,RIO PASTAZA,RIO CUTUCHI,499698,CUENCA RIO PUMACUNCHI,SIMPLE,003-2013-SENAGUA-DNCA-STRH
326,DHP-SCUT-03,775067,9908344,3051,SECTOR SAN LUIS,RIO TULUGCHI,CAMPAÑA 1,2013,23/07/2013,WGS84,17 S,COTOPAXI,LATACUNGA,ALAQUES (ALAQUEZ),PASTAZA,RIO PASTAZA,RIO CUTUCHI,499699,UNIDAD HIDROGRAFICA 499699,SIMPLE,003-2013-SENAGUA-DNCA-STRH
327,DHP-SCUT-05-2013,765915,9882526,2616,SECTOR COMPLEJO BALNEARIO NAGSICHE,RIO NAGSICHE,CAMPAÑA 1,2013,23/07/2013,WGS86,17 S,COTOPAXI,SALCEDO,SAN MIGUEL,PASTAZA,RIO PASTAZA,RIO CUTUCHI,499696,CUENCA RIO NAGSICHE,SIMPLE,003-2013-SENAGUA-DNCA-STRH
328,DHP-SCUT-10,769722,9881125,2556,EN LAS MINAS ANTES DE JUNTARCE AL RIO CUTUCHI.,RIO YANAYACU,CAMPAÑA 1,2013,23/07/2013,WGS84,17 S,TUNGURAHUA,SANTIAGO DE PILLARO,SAN ANDRES,PASTAZA,RIO PASTAZA,RIO CUTUCHI,499694,CUENCA RIO YANAYACU,SIMPLE,003-2013-SENAGUA-DNCA-STRH
329,DHP-SCUT-08-2013,788294,9880114,3605,EN LA CAPTACION PARA TRASBASE A LA LAGUNA DE PISAYAMBO ,RIO TALATAG,CAMPAÑA 1,2013,24/07/2013,WGS84,17 S,TUNGURAHUA,SANTIAGO DE PILLARO,SAN JOSE DE POALO,PASTAZA,RIO PASTAZA,RIO CUTUCHI,499694,CUENCA RIO YANAYACU,SIMPLE,003-2013-SENAGUA-DNCA-STRH
330,DHP-SCUT-10,770459,9878828,2530,EN GUAPANTE; SITIO COMPLEJO AGUA AZUL,RIO CUTUCHI,CAMPAÑA 1,2013,24/07/2013,WGS84,17 S,TUNGURAHUA,SANTIAGO DE PILLARO,SAN ANDRES,PASTAZA,RIO PASTAZA,RIO CUTUCHI,499693,UNIDAD HIDROGRAFICA 499693,SIMPLE,003-2013-SENAGUA-DNCA-STRH
331,DHP-SAMB-04,772548,9863516,2276,SECTOR  LAS VIÑAS EN EL PUENTE CARRETERO.,RIO AMBATO,CAMPAÑA 1,2013,24/07/2013,WGS84,17 S,TUNGURAHUA,AMBATO,PICAIGUA,PASTAZA,RIO PASTAZA,RIO AMBATO,499692,CUENCA RIO AMBATO,SIMPLE,003-2013-SENAGUA-DNCA-STRH
332,DHP-SAMB-07,772728,9863220,2266,SECTOR  LAS VIÑAS EN EL PUENTE CARRETERO.,RIO PACHANLICA,CAMPAÑA 1,2013,24/07/2013,WGS84,17 S,TUNGURAHUA,SAN PEDRO DE PELILEO,CHIQUICHA (CAB EN CHIQUICHA GRANDE),PASTAZA,RIO PASTAZA,RIO AMBATO,499692,CUENCA RIO AMBATO,SIMPLE,003-2013-SENAGUA-DNCA-STRH
333,DHP-SAMB-01,737646,9843650,3988,SECTOR POGYOS EN LOS DESHIELOS DEL CHIMBORAZO,QUEBRADA TARUGAYACU,CAMPAÑA 1,2013,25/07/2013,WGS84,17 S,TUNGURAHUA,AMBATO,PILAGUIN (PILAHUIN),PASTAZA,RIO PASTAZA,RIO AMBATO,499692,CUENCA RIO AMBATO,SIMPLE,003-2013-SENAGUA-DNCA-STRH
334,DHP-SAMB-02,743503,9866016,3720,AGUAS ABAJO DEL EMBALSE CHIQUIURCO,RIO CALAMACA,CAMPAÑA 1,2013,25/07/2013,WGS84,17 S,TUNGURAHUA,AMBATO,SAN FERNANDO (PASA SAN FERNANDO),PASTAZA,RIO PASTAZA,RIO AMBATO,499692,CUENCA RIO AMBATO,SIMPLE,003-2013-SENAGUA-DNCA-STRH
335,DHP-SAMB-05,758307,9841034,3276,EN EL SECTOR DE MOCHAPATA ESTACION HIDROMETRICA.,RIO MOCHA,CAMPAÑA 1,2013,25/07/2013,WGS84,17 S,TUNGURAHUA,MOCHA,MOCHA,PASTAZA,RIO PASTAZA,RIO AMBATO,499692,CUENCA RIO AMBATO,SIMPLE,003-2013-SENAGUA-DNCA-STRH
336,DHP-SAMB-06,768064,9851647,2703,SECTOR CEVALLOS EN LA BOCATOMA PARA RIEGO.,RIO PACHANLICA,CAMPAÑA 1,2013,25/07/2013,WGS84,17 S,TUNGURAHUA,CEVALLOS,CEVALLOS,PASTAZA,RIO PASTAZA,RIO AMBATO,499692,CUENCA RIO AMBATO,SIMPLE,003-2013-SENAGUA-DNCA-STRH
337,DHP-SAMB-03,749969,9858079,,EN LA BOCATOMA PARA RIEGO Y CONSUMO HUMANO DE LA CIUDAD DE AMBATO,RIO AMBATO,CAMPAÑA 1,2013,25/07/2013,WGS84,17 S,TUNGURAHUA,AMBATO,PILAGUIN (PILAHUIN),PASTAZA,RIO PASTAZA,RIO AMBATO,499692,CUENCA RIO AMBATO,SIMPLE,003-2013-SENAGUA-DNCA-STRH
338,DHP-SPAT-01,776307,9855931,1993, SECTOR LA CLEMENTINA EN EL PUENTE CARRETERO,RIO PATATE,CAMPAÑA 1,2013,26/07/2013,WGS84,17 S,TUNGURAHUA,PATATE,PATATE,PASTAZA,RIO PASTAZA,RIO PATATE,499691,UNIDAD HIDROGRAFICA 499691,SIMPLE,003-2013-SENAGUA-DNCA-STRH
339,DHP-SPAT-02,778716,9846879,1957,SECTOR SAN PEDRO DE PELILEO EN EL PINGÜE.,RIO PATATE,CAMPAÑA 1,2013,26/07/2013,WGS84,17 S,TUNGURAHUA,SAN PEDRO DE PELILEO,PELILEO,PASTAZA,RIO PASTAZA,RIO PATATE,499691,UNIDAD HIDROGRAFICA 499691,SIMPLE,003-2013-SENAGUA-DNCA-STRH
340,DHP-SCHA-11,781078,9844584,1911,EN PUENTE CARRETERO LAS JUNTAS VIA AMBATO-BAÑOS,RIO CHAMBO,CAMPAÑA 1,2013,26/07/2013,WGS84,17 S,TUNGURAHUA,SAN PEDRO DE PELILEO,PELILEO,PASTAZA,RIO PASTAZA,RIO CHAMBO,499681,UNIDAD HIDROGRAFICA 499681,SIMPLE,003-2013-SENAGUA-DNCA-STRH
341,DHP-CPAST-01,785401,9845631,1776,SECTOR POR EL PUENTE SAN MARTIN ATRAZ DEL ZOOLOGICO,RIO PASTAZA,CAMPAÑA 1,2013,26/07/2013,WGS84,17 S,TUNGURAHUA,BAÑOS DE AGUA SANTA,BAÑOS DE AGUA SANTA,PASTAZA,RIO PASTAZA,RIO PASTAZA MEDIO,499679,UNIDAD HIDROGRAFICA 499679,SIMPLE,003-2013-SENAGUA-DNCA-STRH
342,DHP-SCHA-10,757155,9826155,3077,SECTOR TOMA SAN ISIDRO,RIO PATULU,CAMPAÑA 1,2013,05/08/2013,WGS84,17 S,CHIMBORAZO,GUANO,SAN ISIDRO DE PATULU,PASTAZA,RIO PASTAZA,RIO CHAMBO,499684,CUENCA RIO GUANO,SIMPLE, 004-2013-SENAGUA-DNCA-STRH
343,DHP-SCHA-05,764520,9810143,2602,ANTES DE JUNTARSE AL RIO CHAMBO EN EL PUENTE EL PANTAÑO,RIO CHIBUNGA,CAMPAÑA 1,2013,05/08/2013,WGS84,17 S,CHIMBORAZO,RIOBAMBA,SAN LUIS,PASTAZA,RIO PASTAZA,RIO CHAMBO,499686,CUIENCA RIO CHIBUNGA,SIMPLE, 004-2013-SENAGUA-DNCA-STRH
344,DHP-SCHA-08,768607,9816767,2492,EN PUENTE CARRETERO VIA QUIMIAG.,RIO CHAMBO,CAMPAÑA 1,2013,05/08/2013,WGS84,17 S,CHIMBORAZO,RIOBAMBA,CUBIJIES,PASTAZA,RIO PASTAZA,RIO CHAMBO,499685,UNIDAD HIDROGRAFICA 499685,SIMPLE, 004-2013-SENAGUA-DNCA-STRH
345,DHP-SCHA-09,765602,9821708,2609,EN LA BOCATOMA DE CANAL DE RIEGO CHIBUNGA-PUNGALES,RIO GUANO,CAMPAÑA 1,2013,05/08/2013,WGS84,17 S,CHIMBORAZO,GUANO,GUANO,PASTAZA,RIO PASTAZA,RIO CHAMBO,499684,CUENCA RIO GUANO,SIMPLE, 004-2013-SENAGUA-DNCA-STRH
346,DHP-SCHA-07,746200,9810669,3240,SECTOR CAJABAMBA,RIO SICALPA,CAMPAÑA 1,2013,06/08/2013,WGS84,17 S,CHIMBORAZO,COLTA,VILLA LA UNION (CAJABAMBA),PASTAZA,RIO PASTAZA,RIO CHAMBO,499686,CUIENCA RIO CHIBUNGA,SIMPLE, 004-2013-SENAGUA-DNCA-STRH
347,DHP-SCHA-01,766732,9750984,3739,A LA SALIDA DE LAS LAGUNAS DE OSOGOCHE EN LA ESTACION DEL INAMHI,RIO OZOGOCHE,CAMPAÑA 1,2013,06/08/2013,WGS84,17 S,CHIMBORAZO,ALAUSI,ACHUPALLAS,PASTAZA,RIO PASTAZA,RIO CHAMBO,499689,UNIDAD HIDROGRAFICA 499689,SIMPLE, 004-2013-SENAGUA-DNCA-STRH
348,DHP-SCHA-03,760343,9792036,2909,ANTES DE JUNTARSE AL RIO CHAMBO EN EL PUENTE DE MADERA.,RIO GUAMOTE,CAMPAÑA 1,2013,06/08/2013,WGS84,17 S,CHIMBORAZO,GUAMOTE,GUAMOTE,PASTAZA,RIO PASTAZA,RIO CHAMBO,499688,CUENCA RIO GUAMOTE,SIMPLE, 004-2013-SENAGUA-DNCA-STRH
349,DHP-SCHA-04,764764,9792846,2709,EN LA BOCATOMA DEL RIO CHAMBO,RIO CHAMBO,CAMPAÑA 1,2013,06/08/2013,WGS84,17 S,CHIMBORAZO,GUAMOTE,CEBADAS,PASTAZA,RIO PASTAZA,RIO CHAMBO,499687,UNIDAD HIDROGRAFICA 497687,SIMPLE, 004-2013-SENAGUA-DNCA-STRH
350,DHP-SCHA-06,744635,9826503,3465,SECTOR SANTA TERESITA DE GUABUG,RIO CHIMBORAZO,CAMPAÑA 1,2013,07/08/2013,WGS84,17 S,CHIMBORAZO,RIOBAMBA,SAN JUAN,PASTAZA,RIO PASTAZA,RIO PASTAZA MEDIO,499686,CUIENCA RIO CHIBUNGA,SIMPLE, 004-2013-SENAGUA-DNCA-STRH
351,DHP-CPAST-02,789413,9845669,1704,EN EL PUENTE CARRETERO VIA BAÑOS - ULBA,RIO ULBA,CAMPAÑA 1,2013,07/08/2013,WGS84,17 S,TUNGURAHUA,BAÑOS DE AGUA SANTA,BAÑOS DE AGUA SANTA,PASTAZA,RIO PASTAZA,RIO PASTAZA MEDIO,499679,UNIDAD HIDROGRAFICA 499679,SIMPLE, 004-2013-SENAGUA-DNCA-STRH
352,DHP-CPAST-03,800555,9845049,1509,EN EL PUENTE CARRETERO VIA BAÑOS-PUYO,RIO VERDE,CAMPAÑA 1,2013,07/08/2013,WGS84,17 S,TUNGURAHUA,BAÑOS DE AGUA SANTA,RIO VERDE,PASTAZA,RIO PASTAZA,RIO PASTAZA MEDIO,499679,UNIDAD HIDROGRAFICA 499679,SIMPLE, 004-2013-SENAGUA-DNCA-STRH
353,DHP-CPAST-04,810696,9849877,1541,SECTOR COMUNIDAD AZUAY EN EL PUENTE COLGANTE.,RIO TOPO,CAMPAÑA 1,2013,08/08/2013,WGS84,17 S,TUNGURAHUA,BAÑOS DE AGUA SANTA,RIO NEGRO,PASTAZA,RIO PASTAZA,RIO PASTAZA MEDIO,499679,UNIDAD HIDROGRAFICA 499679,SIMPLE, 004-2013-SENAGUA-DNCA-STRH
354,DHP-CPAST-07,832682,9842221,1015,SECTOR FATIMA,RIO PUYO BLANCO,CAMPAÑA 1,2013,08/08/2013,WGS84,17 S,PASTAZA,PASTAZA,FATIMA,PASTAZA,RIO PASTAZA,RIO PASTAZA MEDIO,496677,UNIDAD HIDROGRAFICA 499677,SIMPLE, 004-2013-SENAGUA-DNCA-STRH
355,DHP-CPAST-08,837294,9831018,903,SECTOR UNION BASE EN EL PUENTE COLGANTE.,RIO PUYO FINAL,CAMPAÑA 1,2013,08/08/2013,WGS84,18 S,PASTAZA,PASTAZA,PUYO,PASTAZA,RIO PASTAZA,RIO PASTAZA MEDIO,496677,UNIDAD HIDROGRAFICA 499677,SIMPLE, 004-2013-SENAGUA-DNCA-STRH
356,DHP-CPAST-05,816782,9839259,1112,EN EL PUENTE COLGANTE VIA MERA-CUMANDA.,RIO PASTAZA,CAMPAÑA 1,2013,09/08/2013,WGS84,17 S,MORONA SANTIAGO,PALORA,CUMANDA (CAB EN COLONIA AGRICOLA SEVILLA DEL ORO),PASTAZA,RIO PASTAZA,RIO PASTAZA MEDIO,499679,UNIDAD HIDROGRAFICA 499679,SIMPLE, 004-2013-SENAGUA-DNCA-STRH
357,DHP-CPAST-06,822329,9837531,1078,EN EL PUENTE CARRETERO VIA MERA-SHELL,RIO ALPAYACU,CAMPAÑA 1,2013,09/08/2013,WGS84,17 S,PASTAZA,MERA,MERA,PASTAZA,RIO PASTAZA,RIO PASTAZA MEDIO,499679,UNIDAD HIDROGRAFICA 499679,SIMPLE, 004-2013-SENAGUA-DNCA-STRH
358,DHP-SBOB-01,860809,9822929,477,SECTOR CANELOS,RIO BOBONAZA,CAMPAÑA 1,2013,09/08/2013,WGS84,17 S,PASTAZA,PASTAZA,CANELOS,PASTAZA,RIO PASTAZA,RIO BOBONAZA,499669,UNIDAD HIDROGRAFICA 499669,SIMPLE, 004-2013-SENAGUA-DNCA-STRH
359,BEP-PT-EC-02,652567,9603282,1150,ZARUMA,RÍO SALADO,CAMPAÑA 3,2013,26/11/2013,WGS84,17 S,EL ORO,ZARUMA,HUERTAS,PUYANGO_CATAMAYO,PUYANGO,RÍO PINDO,13929,UNIDAD HIDROGRÁFICA 13929,SIMPLE,034-2013-SENAGUA-DNCA-STRH
360,BEP-PT-EC-06,647915,9587822,779,SAN ROQUE,RÍO PIÑAS,CAMPAÑA 3,2013,22/11/2013,WGS84,17 S,EL ORO,PIÑAS,SAN ROQUE (AMBROSIO MALDONADO),PUYANGO_CATAMAYO,PUYANGO,RÍO PINDO,13927,UNIDAD HIDROGRÁFICA 13927,SIMPLE,034-2013-SENAGUA-DNCA-STRH
361,BEP-PT-EC-09,651686,9587788,588,PUENTE NEGRO,RÍO AMARILLO,CAMPAÑA 3,2013,21/11/2013,WGS84,17 S,EL ORO,PORTOVELO,PORTOVELO,PUYANGO_CATAMAYO,PUYANGO,RÍO PINDO,13929,UNIDAD HIDROGRÁFICA 13929,SIMPLE,034-2013-SENAGUA-DNCA-STRH
362,BEP-PT-EC-10,650208,9583364,549,LAS JUNTAS ,RÍO AMARILLO,CAMPAÑA 3,2013,19/11/2013,WGS84,17 S,EL ORO,PORTOVELO,PORTOVELO,PUYANGO_CATAMAYO,PUYANGO,RÍO PINDO,13929,UNIDAD HIDROGRÁFICA 13929,SIMPLE,034-2013-SENAGUA-DNCA-STRH
363,BEP-PT-EC-11,650350,9583327,548,LAS JUNTAS ,RÍO PINDO,CAMPAÑA 3,2013,20/11/2013,WGS84,17 S,LOJA,CHAGUARPAMBA,EL ROSARIO,PUYANGO_CATAMAYO,PUYANGO,RÍO PINDO,13927,UNIDAD HIDROGRÁFICA 13927,SIMPLE,034-2013-SENAGUA-DNCA-STRH
364,BEP-PT-EC-12,618617,9580389,500,MARCABELÍ,RÍO MARCABELI,CAMPAÑA 3,2013,25/11/2013,WGS84,17 S,EL ORO,MARCABELI,MARCABELI,PUYANGO_CATAMAYO,PUYANGO,RÍO PUYANGO MEDIO,13925,UNIDAD HIDROGRÁFICA 13925,SIMPLE,034-2013-SENAGUA-DNCA-STRH
365,BEP-PT-EC-14,601929,9570751,278,BOSQUE PETRIFICADO,RÍO PUYANGO,CAMPAÑA 3,2013,27/11/2013,WGS84,17 S,EL ORO,LAS LAJAS,LA LIBERTAD,PUYANGO_CATAMAYO,PUYANGO,RÍO PUYANGO BAJO,13925,UNIDAD HIDROGRÁFICA 13925,COMPUESTA 24 H,034-2013-SENAGUA-DNCA-STRH
